Team,Player,Nation,Pos,Age,MP,Starts,Min,90s,Gls,Ast,G+A,G-PK,PK,PKatt,CrdY,CrdR,xG,npxG,xAG,npxG+xAG,PrgC,PrgP,PrgR,Gls_per90,Ast_per90,G+A_per90,G-PK_per90,G+A-PK_per90,xG_per90,xAG_per90,xG+xAG_per90,npxG_per90,npxG+xAG_per90
Real Madrid,Federico Valverde,URU,"MF,DF",26,22,22,1919,21.3,5,2,7,5,0,0,3,0,1.0,1.0,1.8,2.8,42,140,47,0.23,0.09,0.33,0.23,0.33,0.05,0.08,0.13,0.05,0.13
Real Madrid,Antonio Rüdiger,GER,DF,31,22,21,1806,20.1,0,0,0,0,0,0,2,0,1.3,1.3,0.2,1.5,14,69,2,0.0,0.0,0.0,0.0,0.0,0.06,0.01,0.07,0.06,0.07
Real Madrid,Kylian Mbappé,FRA,FW,26,20,20,1728,19.2,15,2,17,10,5,6,3,0,14.7,10.0,3.8,13.8,91,88,241,0.78,0.1,0.89,0.52,0.62,0.77,0.2,0.97,0.52,0.72
Real Madrid,Thibaut Courtois,BEL,GK,32,19,19,1710,19.0,0,0,0,0,0,0,0,0,0.0,0.0,0.0,0.0,0,0,0,0.0,0.0,0.0,0.0,0.0,0.0,0.0,0.0,0.0,0.0
Real Madrid,Jude Bellingham,ENG,MF,21,18,18,1500,16.7,7,6,13,6,1,2,3,0,7.1,5.6,2.5,8.1,48,123,87,0.42,0.36,0.78,0.36,0.72,0.43,0.15,0.58,0.33,0.49
Real Madrid,Aurélien Tchouaméni,FRA,"MF,DF",25,17,17,1454,16.2,0,0,0,0,0,0,1,0,1.0,1.0,0.5,1.6,14,110,7,0.0,0.0,0.0,0.0,0.0,0.06,0.03,0.1,0.06,0.1
Real Madrid,Rodrygo,BRA,FW,24,19,15,1289,14.3,6,5,11,6,0,0,0,0,2.9,2.8,2.3,5.1,71,72,172,0.42,0.35,0.77,0.42,0.77,0.2,0.16,0.36,0.19,0.36
Real Madrid,Vinicius Júnior,BRA,FW,24,16,14,1265,14.1,8,5,13,6,2,2,5,1,6.2,4.8,4.8,9.6,94,48,148,0.57,0.36,0.92,0.43,0.78,0.44,0.34,0.78,0.34,0.68
Real Madrid,Lucas Vázquez,ESP,DF,33,18,13,1143,12.7,1,3,4,1,0,0,3,0,1.2,1.2,3.7,4.9,19,52,109,0.08,0.24,0.31,0.08,0.31,0.09,0.29,0.38,0.09,0.38
Real Madrid,Fran Garcia,ESP,DF,25,17,11,1037,11.5,0,1,1,0,0,0,0,0,0.6,0.6,0.6,1.2,30,53,88,0.0,0.09,0.09,0.0,0.09,0.05,0.05,0.1,0.05,0.1
Real Madrid,Éder Militão,BRA,DF,27,12,11,938,10.4,1,1,2,1,0,0,2,0,0.6,0.6,0.5,1.1,7,46,1,0.1,0.1,0.19,0.1,0.19,0.06,0.05,0.11,0.06,0.11
Real Madrid,Ferland Mendy,FRA,DF,29,12,10,831,9.2,0,0,0,0,0,0,1,1,0.0,0.0,0.0,0.0,9,31,35,0.0,0.0,0.0,0.0,0.0,0.0,0.0,0.0,0.0,0.0
Real Madrid,Dani Ceballos,ESP,MF,28,13,9,735,8.2,0,0,0,0,0,0,3,0,0.2,0.2,1.2,1.4,19,93,9,0.0,0.0,0.0,0.0,0.0,0.03,0.15,0.18,0.03,0.18
Real Madrid,Brahim Díaz,MAR,"FW,MF",25,17,8,778,8.6,3,2,5,3,0,0,0,0,2.9,2.9,2.3,5.2,18,45,57,0.35,0.23,0.58,0.35,0.58,0.34,0.27,0.61,0.34,0.61
Real Madrid,Luka Modrić,CRO,MF,39,21,7,875,9.7,1,3,4,1,0,0,5,0,1.1,1.1,3.9,5.0,29,83,31,0.1,0.31,0.41,0.1,0.41,0.12,0.4,0.52,0.12,0.52
Real Madrid,Dani Carvajal,ESP,DF,33,8,7,609,6.8,1,0,1,1,0,0,1,0,1.3,1.3,0.2,1.5,13,27,48,0.15,0.0,0.15,0.15,0.15,0.19,0.03,0.22,0.19,0.22
Real Madrid,Arda Güler,TUR,"MF,FW",19,16,6,608,6.8,1,3,4,1,0,0,1,0,1.8,1.8,1.7,3.5,17,38,47,0.15,0.44,0.59,0.15,0.59,0.26,0.25,0.52,0.26,0.52
Real Madrid,Eduardo Camavinga,FRA,"MF,DF",22,8,6,520,5.8,0,2,2,0,0,0,0,0,0.1,0.1,0.2,0.3,10,34,12,0.0,0.35,0.35,0.0,0.35,0.02,0.03,0.05,0.02,0.05
Real Madrid,Raúl Asencio,ESP,DF,21,10,5,589,6.5,0,1,1,0,0,0,0,0,0.0,0.0,0.4,0.5,3,9,4,0.0,0.15,0.15,0.0,0.15,0.0,0.07,0.07,0.0,0.07
Real Madrid,Andriy Lunin,UKR,GK,25,3,3,270,3.0,0,1,1,0,0,0,0,0,0.0,0.0,0.9,0.9,0,0,0,0.0,0.33,0.33,0.0,0.33,0.0,0.31,0.31,0.0,0.31
Real Madrid,Endrick,BRA,FW,18,14,0,99,1.1,1,0,1,1,0,0,1,0,0.8,0.8,0.1,0.8,5,5,14,0.91,0.0,0.91,0.91,0.91,0.68,0.06,0.74,0.68,0.74
Real Madrid,David Alaba,AUT,DF,32,2,0,38,0.4,0,0,0,0,0,0,0,0,0.0,0.0,0.0,0.0,1,2,0,0.0,0.0,0.0,0.0,0.0,0.0,0.0,0.0,0.0,0.0
Real Madrid,Jesús Vallejo,ESP,DF,28,1,0,11,0.1,0,0,0,0,0,0,0,0,0.0,0.0,0.0,0.0,0,0,0,0.0,0.0,0.0,0.0,0.0,0.0,0.0,0.0,0.0,0.0
Real Madrid,Chema,ESP,MF,19,1,0,8,0.1,0,0,0,0,0,0,0,0,0.0,0.0,0.0,0.0,0,0,0,0.0,0.0,0.0,0.0,0.0,0.0,0.0,0.0,0.0,0.0
Real Madrid,Lorenzo Aguado,ESP,DF,22,2,0,5,0.1,0,0,0,0,0,0,0,0,0.0,0.0,0.0,0.0,0,0,0,0.0,0.0,0.0,0.0,0.0,0.0,0.0,0.0,0.0,0.0
Real Madrid,Daniel Yáñez,ESP,FW,17,1,0,2,0.0,0,0,0,0,0,0,0,0,0.0,0.0,0.0,0.0,0,0,0,0.0,0.0,0.0,0.0,0.0,0.0,0.0,0.0,0.0,0.0
Real Madrid,Diego Aguado,ESP,DF,17,0,0,0,0.0,0,0,0,0,0,0,0,0,0.0,0.0,0.0,0.0,0,0,0,0.0,0.0,0.0,0.0,0.0,0.0,0.0,0.0,0.0,0.0
Real Madrid,Fran,ESP,GK,19,0,0,0,0.0,0,0,0,0,0,0,0,0,0.0,0.0,0.0,0.0,0,0,0,0.0,0.0,0.0,0.0,0.0,0.0,0.0,0.0,0.0,0.0
Real Madrid,Gonzalo García,ESP,MF,20,0,0,0,0.0,0,0,0,0,0,0,0,0,0.0,0.0,0.0,0.0,0,0,0,0.0,0.0,0.0,0.0,0.0,0.0,0.0,0.0,0.0,0.0
Real Madrid,David Jiménez,ESP,DF,20,0,0,0,0.0,0,0,0,0,0,0,0,0,0.0,0.0,0.0,0.0,0,0,0,0.0,0.0,0.0,0.0,0.0,0.0,0.0,0.0,0.0,0.0
Real Madrid,Youssef Lekhedim,ESP,DF,19,0,0,0,0.0,0,0,0,0,0,0,0,0,0.0,0.0,0.0,0.0,0,0,0,0.0,0.0,0.0,0.0,0.0,0.0,0.0,0.0,0.0,0.0
Real Madrid,Sergio Mestre,ESP,GK,19,0,0,0,0.0,0,0,0,0,0,0,0,0,0.0,0.0,0.0,0.0,0,0,0,0.0,0.0,0.0,0.0,0.0,0.0,0.0,0.0,0.0,0.0
Real Madrid,Víctor Muñoz,ESP,FW,21,0,0,0,0.0,0,0,0,0,0,0,0,0,0.0,0.0,0.0,0.0,0,0,0,0.0,0.0,0.0,0.0,0.0,0.0,0.0,0.0,0.0,0.0
Real Madrid,Jacobo Ramón,ESP,DF,20,0,0,0,0.0,0,0,0,0,0,0,0,0,0.0,0.0,0.0,0.0,0,0,0,0.0,0.0,0.0,0.0,0.0,0.0,0.0,0.0,0.0,0.0
Atlético Madrid,Jan Oblak,SVN,GK,32,21,21,1890,21.0,0,0,0,0,0,0,0,0,0.0,0.0,0.0,0.0,0,0,0,0.0,0.0,0.0,0.0,0.0,0.0,0.0,0.0,0.0,0.0
Atlético Madrid,Antoine Griezmann,FRA,"FW,MF",33,22,18,1570,17.4,8,4,12,7,1,2,2,0,5.8,4.2,4.6,8.8,31,96,112,0.46,0.23,0.69,0.4,0.63,0.33,0.26,0.6,0.24,0.51
Atlético Madrid,Julián Álvarez,ARG,"FW,MF",25,22,17,1426,15.8,6,2,8,6,0,0,4,0,5.9,5.9,2.5,8.5,49,53,98,0.38,0.13,0.5,0.38,0.5,0.37,0.16,0.53,0.37,0.53
Atlético Madrid,Pablo Barrios,ESP,MF,21,17,16,1392,15.5,0,2,2,0,0,0,3,0,0.9,0.9,1.3,2.2,15,87,48,0.0,0.13,0.13,0.0,0.13,0.06,0.09,0.14,0.06,0.14
Atlético Madrid,Koke,ESP,MF,33,21,14,1320,14.7,1,1,2,1,0,0,4,0,1.0,1.0,1.1,2.1,14,88,11,0.07,0.07,0.14,0.07,0.14,0.07,0.07,0.14,0.07,0.14
Atlético Madrid,José María Giménez,URU,DF,30,16,13,1249,13.9,0,0,0,0,0,0,3,0,0.3,0.3,0.0,0.3,1,36,1,0.0,0.0,0.0,0.0,0.0,0.02,0.0,0.02,0.02,0.02
Atlético Madrid,Marcos Llorente,ESP,"DF,MF",30,17,13,1130,12.6,2,2,4,2,0,0,0,1,0.5,0.5,2.7,3.2,43,54,89,0.16,0.16,0.32,0.16,0.32,0.04,0.22,0.26,0.04,0.26
Atlético Madrid,Conor Gallagher,ENG,MF,25,17,13,977,10.9,2,0,2,2,0,0,2,0,1.8,1.8,0.1,1.9,12,31,34,0.18,0.0,0.18,0.18,0.18,0.16,0.01,0.18,0.16,0.18
Atlético Madrid,Nahuel Molina,ARG,DF,26,16,12,1018,11.3,0,3,3,0,0,0,0,0,0.5,0.5,1.3,1.8,24,40,61,0.0,0.27,0.27,0.0,0.27,0.05,0.12,0.16,0.05,0.16
Atlético Madrid,Clément Lenglet,FRA,DF,29,12,12,1013,11.3,1,1,2,1,0,0,5,0,1.4,1.4,0.8,2.1,10,49,0,0.09,0.09,0.18,0.09,0.18,0.12,0.07,0.19,0.12,0.19
Atlético Madrid,Rodrigo De Paul,ARG,MF,30,20,11,1118,12.4,3,3,6,3,0,0,5,0,1.1,1.1,3.5,4.6,39,135,47,0.24,0.24,0.48,0.24,0.48,0.09,0.28,0.37,0.09,0.37
Atlético Madrid,Robin Le Normand,ESP,DF,28,13,11,1013,11.3,0,0,0,0,0,0,5,0,0.3,0.3,0.5,0.8,6,35,4,0.0,0.0,0.0,0.0,0.0,0.03,0.04,0.07,0.03,0.07
Atlético Madrid,Samuel Lino,BRA,"MF,DF",25,18,11,927,10.3,3,2,5,3,0,0,2,0,4.7,4.7,2.2,6.9,41,50,114,0.29,0.19,0.49,0.29,0.49,0.45,0.21,0.66,0.45,0.66
Atlético Madrid,Giuliano Simeone,ARG,"MF,DF",22,17,11,856,9.5,1,3,4,1,0,0,3,0,1.5,1.5,2.3,3.8,35,28,94,0.11,0.32,0.42,0.11,0.42,0.15,0.24,0.4,0.15,0.4
Atlético Madrid,Javi Galán,ESP,DF,30,12,10,844,9.4,0,2,2,0,0,0,5,0,0.1,0.1,2.0,2.1,27,29,61,0.0,0.21,0.21,0.0,0.21,0.01,0.21,0.22,0.01,0.22
Atlético Madrid,Reinildo Mandava,MOZ,DF,31,15,9,782,8.7,0,0,0,0,0,0,3,0,0.1,0.1,0.1,0.2,11,27,12,0.0,0.0,0.0,0.0,0.0,0.01,0.01,0.02,0.01,0.02
Atlético Madrid,Alexander Sørloth,NOR,FW,29,19,8,871,9.7,8,2,10,8,0,0,0,0,6.9,6.9,1.3,8.2,16,15,44,0.83,0.21,1.03,0.83,1.03,0.71,0.14,0.85,0.71,0.85
Atlético Madrid,Axel Witsel,BEL,DF,36,12,8,761,8.5,0,1,1,0,0,0,1,0,0.0,0.0,0.5,0.6,2,18,1,0.0,0.12,0.12,0.0,0.12,0.0,0.06,0.07,0.0,0.07
Atlético Madrid,César Azpilicueta,ESP,DF,35,7,6,525,5.8,0,0,0,0,0,0,0,0,0.2,0.2,0.0,0.2,7,42,8,0.0,0.0,0.0,0.0,0.0,0.04,0.0,0.04,0.04,0.04
Atlético Madrid,Rodrigo Riquelme,ESP,"DF,MF",24,11,4,414,4.6,0,1,1,0,0,0,0,0,0.7,0.7,0.6,1.3,35,19,48,0.0,0.22,0.22,0.0,0.22,0.16,0.12,0.28,0.16,0.28
Atlético Madrid,Ángel Correa,ARG,"FW,MF",29,20,3,574,6.4,2,1,3,2,0,0,3,0,4.0,4.0,1.2,5.1,17,15,59,0.31,0.16,0.47,0.31,0.47,0.62,0.18,0.81,0.62,0.81
Atlético Madrid,Juan Musso,ARG,GK,30,1,1,90,1.0,0,0,0,0,0,0,0,0,0.0,0.0,0.0,0.0,0,0,0,0.0,0.0,0.0,0.0,0.0,0.0,0.0,0.0,0.0,0.0
Atlético Madrid,Adrian Niño,ESP,FW,20,1,0,12,0.1,0,0,0,0,0,0,0,0,0.2,0.2,0.0,0.2,0,0,1,0.0,0.0,0.0,0.0,0.0,1.44,0.0,1.44,1.44,1.44
Atlético Madrid,Thomas Lemar,FRA,MF,29,1,0,7,0.1,0,0,0,0,0,0,0,0,0.0,0.0,0.0,0.0,0,2,0,0.0,0.0,0.0,0.0,0.0,0.0,0.3,0.3,0.0,0.3
Atlético Madrid,Rayane Belaid,ESP,DF,19,0,0,0,0.0,0,0,0,0,0,0,0,0,0.0,0.0,0.0,0.0,0,0,0,0.0,0.0,0.0,0.0,0.0,0.0,0.0,0.0,0.0,0.0
Atlético Madrid,Aitor Gismera,ESP,MF,20,0,0,0,0.0,0,0,0,0,0,0,0,0,0.0,0.0,0.0,0.0,0,0,0,0.0,0.0,0.0,0.0,0.0,0.0,0.0,0.0,0.0,0.0
Atlético Madrid,Antonio Gomis,ESP,GK,21,0,0,0,0.0,0,0,0,0,0,0,0,0,0.0,0.0,0.0,0.0,0,0,0,0.0,0.0,0.0,0.0,0.0,0.0,0.0,0.0,0.0,0.0
Atlético Madrid,Alejandro Iturbe,ESP,GK,21,0,0,0,0.0,0,0,0,0,0,0,0,0,0.0,0.0,0.0,0.0,0,0,0,0.0,0.0,0.0,0.0,0.0,0.0,0.0,0.0,0.0,0.0
Atlético Madrid,Ilias Kostis,GRE,DF,21,0,0,0,0.0,0,0,0,0,0,0,0,0,0.0,0.0,0.0,0.0,0,0,0,0.0,0.0,0.0,0.0,0.0,0.0,0.0,0.0,0.0,0.0
Atlético Madrid,Horaţiu Moldovan,ROU,GK,27,0,0,0,0.0,0,0,0,0,0,0,0,0,0.0,0.0,0.0,0.0,0,0,0,0.0,0.0,0.0,0.0,0.0,0.0,0.0,0.0,0.0,0.0
Atlético Madrid,Javier Serrano,ESP,MF,22,0,0,0,0.0,0,0,0,0,0,0,0,0,0.0,0.0,0.0,0.0,0,0,0,0.0,0.0,0.0,0.0,0.0,0.0,0.0,0.0,0.0,0.0
Atlético Madrid,Gerónimo Spina,ARG,DF,19,0,0,0,0.0,0,0,0,0,0,0,0,0,0.0,0.0,0.0,0.0,0,0,0,0.0,0.0,0.0,0.0,0.0,0.0,0.0,0.0,0.0,0.0
Atlético Madrid,Arthur Vermeeren,BEL,MF,19,0,0,0,0.0,0,0,0,0,0,0,0,0,0.0,0.0,0.0,0.0,0,0,0,0.0,0.0,0.0,0.0,0.0,0.0,0.0,0.0,0.0,0.0
Barcelona,Raphinha,BRA,"FW,MF",28,22,21,1801,20.0,12,6,18,11,1,1,3,0,13.3,12.5,9.8,22.3,69,101,220,0.6,0.3,0.9,0.55,0.85,0.66,0.49,1.15,0.62,1.11
Barcelona,Jules Koundé,FRA,DF,26,22,20,1775,19.7,2,3,5,2,0,0,2,0,1.6,1.6,3.5,5.1,32,106,142,0.1,0.15,0.25,0.1,0.25,0.08,0.18,0.26,0.08,0.26
Barcelona,Pau Cubarsí,ESP,DF,18,22,20,1758,19.5,0,2,2,0,0,0,3,0,0.7,0.7,1.6,2.3,14,130,4,0.0,0.1,0.1,0.0,0.1,0.04,0.08,0.12,0.04,0.12
Barcelona,Robert Lewandowski,POL,FW,36,21,20,1676,18.6,18,2,20,16,2,3,1,0,18.6,16.3,2.3,18.6,18,37,103,0.97,0.11,1.07,0.86,0.97,1.0,0.12,1.12,0.87,1.0
Barcelona,Pedri,ESP,MF,22,21,19,1605,17.8,4,2,6,4,0,0,2,0,1.8,1.8,4.0,5.8,48,176,73,0.22,0.11,0.34,0.22,0.34,0.1,0.23,0.33,0.1,0.33
Barcelona,Iñigo Martínez,ESP,DF,33,18,18,1600,17.8,0,1,1,0,0,0,3,0,0.3,0.3,1.6,1.9,48,155,3,0.0,0.06,0.06,0.0,0.06,0.02,0.09,0.11,0.02,0.11
Barcelona,Alejandro Balde,ESP,DF,21,20,18,1519,16.9,0,3,3,0,0,0,1,0,0.4,0.4,2.2,2.5,69,64,160,0.0,0.18,0.18,0.0,0.18,0.02,0.13,0.15,0.02,0.15
Barcelona,Lamine Yamal,ESP,FW,17,19,17,1524,16.9,5,10,15,5,0,0,2,0,5.1,5.1,7.9,13.0,89,86,218,0.3,0.59,0.89,0.3,0.89,0.3,0.46,0.77,0.3,0.77
Barcelona,Marc Casado,ESP,MF,21,19,17,1362,15.1,0,3,3,0,0,0,4,1,0.9,0.9,1.3,2.3,10,94,21,0.0,0.2,0.2,0.0,0.2,0.06,0.09,0.15,0.06,0.15
Barcelona,Iñaki Peña,ESP,GK,25,15,14,1306,14.5,0,0,0,0,0,0,1,0,0.0,0.0,0.0,0.0,0,3,0,0.0,0.0,0.0,0.0,0.0,0.0,0.0,0.0,0.0,0.0
Barcelona,Dani Olmo,ESP,"MF,FW",26,12,7,652,7.2,5,0,5,5,0,0,0,0,2.4,2.4,1.7,4.1,16,47,53,0.69,0.0,0.69,0.69,0.69,0.34,0.23,0.57,0.34,0.57
Barcelona,Ferrán Torres,ESP,"FW,MF",24,16,7,641,7.1,4,2,6,4,0,0,0,1,3.6,3.6,1.4,5.0,15,20,57,0.56,0.28,0.84,0.56,0.84,0.51,0.19,0.7,0.51,0.7
Barcelona,Marc-André ter Stegen,GER,GK,32,6,6,494,5.5,0,0,0,0,0,0,0,0,0.0,0.0,0.0,0.0,0,0,0,0.0,0.0,0.0,0.0,0.0,0.0,0.0,0.0,0.0,0.0
Barcelona,Eric García,ESP,"MF,DF",24,13,5,671,7.5,0,1,1,0,0,0,0,0,1.0,1.0,0.4,1.4,9,46,5,0.0,0.13,0.13,0.0,0.13,0.14,0.05,0.19,0.14,0.19
Barcelona,Fermin López,ESP,"MF,FW",21,14,5,563,6.3,2,2,4,2,0,0,3,0,2.8,2.8,1.2,4.0,15,28,47,0.32,0.32,0.64,0.32,0.64,0.45,0.19,0.64,0.45,0.64
Barcelona,Gavi,ESP,MF,20,12,5,334,3.7,0,1,1,0,0,0,2,0,0.2,0.2,0.9,1.2,1,20,15,0.0,0.27,0.27,0.0,0.27,0.06,0.25,0.31,0.06,0.31
Barcelona,Gerard Martín,ESP,DF,23,13,4,429,4.8,0,1,1,0,0,0,2,0,0.0,0.0,0.5,0.5,6,18,33,0.0,0.21,0.21,0.0,0.21,0.0,0.11,0.11,0.0,0.11
Barcelona,Pablo Torre,ESP,"MF,FW",21,8,4,261,2.9,3,1,4,3,0,0,0,0,0.3,0.3,0.5,0.8,5,15,15,1.03,0.34,1.38,1.03,1.38,0.09,0.18,0.28,0.09,0.28
Barcelona,Marc Bernal,ESP,MF,17,3,3,242,2.7,0,0,0,0,0,0,2,0,0.1,0.1,0.0,0.1,0,8,2,0.0,0.0,0.0,0.0,0.0,0.03,0.01,0.03,0.03,0.03
Barcelona,Frenkie de Jong,NED,MF,27,11,2,402,4.5,2,1,3,2,0,0,1,0,0.6,0.6,1.3,1.9,7,35,7,0.45,0.22,0.67,0.45,0.67,0.14,0.29,0.43,0.14,0.43
Barcelona,Héctor Fort,ESP,DF,18,10,2,295,3.3,0,0,0,0,0,0,2,0,0.1,0.1,0.6,0.7,7,14,16,0.0,0.0,0.0,0.0,0.0,0.02,0.18,0.21,0.02,0.21
Barcelona,Wojciech Szczęsny,POL,GK,34,2,2,180,2.0,0,0,0,0,0,0,0,0,0.0,0.0,0.0,0.0,0,0,0,0.0,0.0,0.0,0.0,0.0,0.0,0.0,0.0,0.0,0.0
Barcelona,Sergi Dominguez,ESP,DF,19,3,2,172,1.9,0,0,0,0,0,0,1,0,0.0,0.0,0.0,0.0,0,13,1,0.0,0.0,0.0,0.0,0.0,0.0,0.0,0.0,0.0,0.0
Barcelona,Ronald Araújo,URU,DF,25,2,2,135,1.5,0,0,0,0,0,0,1,0,0.0,0.0,0.0,0.0,2,10,1,0.0,0.0,0.0,0.0,0.0,0.0,0.0,0.0,0.0,0.0
Barcelona,Pau Victor Delgado,ESP,FW,23,15,1,215,2.4,2,1,3,2,0,0,2,0,2.0,2.0,0.8,2.7,2,8,22,0.84,0.42,1.26,0.84,1.26,0.81,0.31,1.13,0.81,1.13
Barcelona,Ansu Fati,ESP,FW,22,4,1,127,1.4,0,0,0,0,0,0,1,0,0.6,0.6,0.1,0.7,4,3,16,0.0,0.0,0.0,0.0,0.0,0.42,0.04,0.46,0.42,0.46
Barcelona,Andreas Christensen,DEN,DF,28,1,0,27,0.3,0,0,0,0,0,0,1,0,0.0,0.0,0.0,0.0,0,0,0,0.0,0.0,0.0,0.0,0.0,0.0,0.0,0.0,0.0,0.0
Barcelona,Ander Astralaga,ESP,GK,20,0,0,0,0.0,0,0,0,0,0,0,0,0,0.0,0.0,0.0,0.0,0,0,0,0.0,0.0,0.0,0.0,0.0,0.0,0.0,0.0,0.0,0.0
Barcelona,Álvaro Cortés,ESP,DF,19,0,0,0,0.0,0,0,0,0,0,0,0,0,0.0,0.0,0.0,0.0,0,0,0,0.0,0.0,0.0,0.0,0.0,0.0,0.0,0.0,0.0,0.0
Barcelona,Andres Cuenca,ESP,DF,17,0,0,0,0.0,0,0,0,0,0,0,0,0,0.0,0.0,0.0,0.0,0,0,0,0.0,0.0,0.0,0.0,0.0,0.0,0.0,0.0,0.0,0.0
Barcelona,Noah Darvich,GER,MF,18,0,0,0,0.0,0,0,0,0,0,0,0,0,0.0,0.0,0.0,0.0,0,0,0,0.0,0.0,0.0,0.0,0.0,0.0,0.0,0.0,0.0,0.0
Barcelona,Guillermo Fernandez,ESP,MF,16,0,0,0,0.0,0,0,0,0,0,0,0,0,0.0,0.0,0.0,0.0,0,0,0,0.0,0.0,0.0,0.0,0.0,0.0,0.0,0.0,0.0,0.0
Barcelona,Toni Fernández,ESP,MF,16,0,0,0,0.0,0,0,0,0,0,0,0,0,0.0,0.0,0.0,0.0,0,0,0,0.0,0.0,0.0,0.0,0.0,0.0,0.0,0.0,0.0,0.0
Barcelona,Diego Kochen,USA,GK,18,0,0,0,0.0,0,0,0,0,0,0,0,0,0.0,0.0,0.0,0.0,0,0,0,0.0,0.0,0.0,0.0,0.0,0.0,0.0,0.0,0.0,0.0
Barcelona,Álex Valle,ESP,DF,20,0,0,0,0.0,0,0,0,0,0,0,0,0,0.0,0.0,0.0,0.0,0,0,0,0.0,0.0,0.0,0.0,0.0,0.0,0.0,0.0,0.0,0.0
Barcelona,Áron Yaakobishvili,HUN,GK,18,0,0,0,0.0,0,0,0,0,0,0,0,0,0.0,0.0,0.0,0.0,0,0,0,0.0,0.0,0.0,0.0,0.0,0.0,0.0,0.0,0.0,0.0
Athletic Club,Iñaki Williams,GHA,"FW,MF",30,21,20,1735,19.3,4,6,10,4,0,0,0,0,4.2,4.2,5.2,9.5,77,45,195,0.21,0.31,0.52,0.21,0.52,0.22,0.27,0.49,0.22,0.49
Athletic Club,Daniel Vivian,ESP,DF,25,19,17,1585,17.6,3,0,3,3,0,0,1,0,1.5,1.5,0.2,1.6,21,109,6,0.17,0.0,0.17,0.17,0.17,0.08,0.01,0.09,0.08,0.09
Athletic Club,Nico Williams,ESP,FW,22,19,16,1417,15.7,1,3,4,1,0,0,1,0,2.8,2.8,2.7,5.5,92,51,182,0.06,0.19,0.25,0.06,0.25,0.18,0.17,0.35,0.18,0.35
Athletic Club,Álex Berenguer,ESP,"FW,MF",29,21,15,1263,14.0,5,5,10,5,0,1,3,0,5.5,4.7,3.4,8.1,35,42,105,0.36,0.36,0.71,0.36,0.71,0.39,0.24,0.64,0.33,0.58
Athletic Club,Julen Agirrezabala,ESP,GK,24,14,14,1206,13.4,0,0,0,0,0,0,1,1,0.0,0.0,0.0,0.0,0,0,0,0.0,0.0,0.0,0.0,0.0,0.0,0.0,0.0,0.0,0.0
Athletic Club,Oihan Sancet,ESP,MF,24,18,14,1107,12.3,8,1,9,7,1,1,2,0,5.6,4.8,1.2,5.9,36,66,78,0.65,0.08,0.73,0.57,0.65,0.45,0.09,0.55,0.39,0.48
Athletic Club,Mikel Jauregizar,ESP,MF,21,19,13,1130,12.6,1,0,1,1,0,0,4,1,0.4,0.4,1.0,1.4,9,65,14,0.08,0.0,0.08,0.08,0.08,0.03,0.08,0.11,0.03,0.11
Athletic Club,Aitor Paredes,ESP,DF,24,13,13,1114,12.4,3,0,3,3,0,0,4,1,2.2,2.2,0.0,2.2,2,34,1,0.24,0.0,0.24,0.24,0.24,0.18,0.0,0.18,0.18,0.18
Athletic Club,Yuri Berchiche,ESP,DF,34,18,12,1184,13.2,0,0,0,0,0,0,3,0,0.4,0.4,1.1,1.5,24,82,35,0.0,0.0,0.0,0.0,0.0,0.03,0.08,0.11,0.03,0.11
Athletic Club,Gorka Guruzeta,ESP,FW,28,21,12,1111,12.3,5,2,7,5,0,0,2,0,3.4,3.4,0.5,3.9,4,15,42,0.41,0.16,0.57,0.41,0.57,0.27,0.04,0.32,0.27,0.32
Athletic Club,Iñigo Ruiz de Galarreta,ESP,MF,31,16,12,950,10.6,0,2,2,0,0,0,3,0,0.1,0.1,2.1,2.3,15,91,25,0.0,0.19,0.19,0.0,0.19,0.01,0.2,0.21,0.01,0.21
Athletic Club,Óscar de Marcos,ESP,DF,35,17,11,1035,11.5,0,4,4,0,0,0,0,0,0.1,0.1,1.7,1.8,17,61,52,0.0,0.35,0.35,0.0,0.35,0.01,0.15,0.16,0.01,0.16
Athletic Club,Yeray Álvarez,ESP,DF,30,12,11,992,11.0,0,0,0,0,0,0,2,0,0.2,0.2,0.2,0.4,13,66,0,0.0,0.0,0.0,0.0,0.0,0.02,0.02,0.04,0.02,0.04
Athletic Club,Beñat Prados,ESP,MF,23,17,11,923,10.3,1,0,1,1,0,0,6,0,0.7,0.7,0.2,0.9,10,37,22,0.1,0.0,0.1,0.1,0.1,0.07,0.02,0.09,0.07,0.09
Athletic Club,Andoni Gorosabel,ESP,DF,28,10,8,682,7.6,0,1,1,0,0,0,1,0,0.3,0.3,1.0,1.4,10,26,26,0.0,0.13,0.13,0.0,0.13,0.04,0.13,0.18,0.04,0.18
Athletic Club,Adama Boiro,ESP,DF,22,10,8,611,6.8,0,0,0,0,0,0,1,0,0.1,0.1,0.1,0.2,10,21,12,0.0,0.0,0.0,0.0,0.0,0.02,0.02,0.04,0.02,0.04
Athletic Club,Unai Gómez,ESP,"MF,FW",21,20,6,677,7.5,1,2,3,1,0,0,1,0,1.0,1.0,0.7,1.7,10,16,28,0.13,0.27,0.4,0.13,0.4,0.13,0.09,0.22,0.13,0.22
Athletic Club,Mikel Vesga,ESP,MF,31,15,6,574,6.4,0,0,0,0,0,0,1,0,0.3,0.3,0.5,0.8,4,45,17,0.0,0.0,0.0,0.0,0.0,0.04,0.08,0.12,0.04,0.12
Athletic Club,Iñigo Lekue,ESP,DF,31,8,5,452,5.0,0,0,0,0,0,0,1,0,0.0,0.0,0.2,0.2,8,24,12,0.0,0.0,0.0,0.0,0.0,0.0,0.03,0.03,0.0,0.03
Athletic Club,Unai Simón,ESP,GK,27,5,5,450,5.0,0,0,0,0,0,0,0,0,0.0,0.0,0.0,0.0,0,0,0,0.0,0.0,0.0,0.0,0.0,0.0,0.0,0.0,0.0,0.0
Athletic Club,Álvaro djaló,ESP,FW,25,13,4,457,5.1,1,0,1,1,0,0,0,0,0.8,0.8,0.7,1.5,16,7,42,0.2,0.0,0.2,0.2,0.2,0.15,0.15,0.29,0.15,0.29
Athletic Club,Alex Padilla,ESP,GK,21,5,3,321,3.6,0,0,0,0,0,0,0,0,0.0,0.0,0.0,0.0,0,0,0,0.0,0.0,0.0,0.0,0.0,0.0,0.0,0.0,0.0,0.0
Athletic Club,Unai Núñez,ESP,DF,28,3,3,270,3.0,0,0,0,0,0,0,1,0,0.2,0.2,0.0,0.2,0,10,0,0.0,0.0,0.0,0.0,0.0,0.08,0.0,0.08,0.08,0.08
Athletic Club,Ander Herrera,ESP,MF,35,8,2,273,3.0,0,0,0,0,0,1,2,0,1.7,0.9,0.1,1.1,2,16,5,0.0,0.0,0.0,0.0,0.0,0.57,0.04,0.61,0.31,0.35
Athletic Club,Nicolás Serrano,ESP,FW,21,4,1,112,1.2,0,0,0,0,0,0,0,0,0.2,0.2,0.0,0.2,2,4,18,0.0,0.0,0.0,0.0,0.0,0.13,0.02,0.15,0.13,0.15
Athletic Club,Javi Martón,ESP,"FW,MF",25,3,0,53,0.6,0,0,0,0,0,0,1,0,0.0,0.0,0.0,0.0,0,0,3,0.0,0.0,0.0,0.0,0.0,0.0,0.0,0.0,0.0,0.0
Athletic Club,Peio Canales,ESP,"MF,FW",20,2,0,32,0.4,0,0,0,0,0,0,0,0,0.0,0.0,0.0,0.0,0,0,2,0.0,0.0,0.0,0.0,0.0,0.06,0.0,0.06,0.06,0.06
Athletic Club,Adu Ares,ESP,FW,23,1,0,19,0.2,0,0,0,0,0,0,0,0,0.0,0.0,0.0,0.0,1,3,2,0.0,0.0,0.0,0.0,0.0,0.0,0.0,0.0,0.0,0.0
Athletic Club,Unai Eguíluz,ESP,DF,22,0,0,0,0.0,0,0,0,0,0,0,0,0,0.0,0.0,0.0,0.0,0,0,0,0.0,0.0,0.0,0.0,0.0,0.0,0.0,0.0,0.0,0.0
Athletic Club,Oier Gastesi,ESP,GK,21,0,0,0,0.0,0,0,0,0,0,0,0,0,0.0,0.0,0.0,0.0,0,0,0,0.0,0.0,0.0,0.0,0.0,0.0,0.0,0.0,0.0,0.0
Athletic Club,Maroan Sannadi,ESP,FW,24,0,0,0,0.0,0,0,0,0,0,0,0,0,0.0,0.0,0.0,0.0,0,0,0,0.0,0.0,0.0,0.0,0.0,0.0,0.0,0.0,0.0,0.0
Villarreal,Sergi Cardona,ESP,DF,25,21,21,1862,20.7,1,5,6,1,0,0,5,0,2.1,2.1,4.3,6.4,36,45,118,0.05,0.24,0.29,0.05,0.29,0.1,0.21,0.31,0.1,0.31
Villarreal,Kiko Femenía,ESP,DF,34,20,20,1680,18.7,0,1,1,0,0,0,6,0,0.4,0.4,1.1,1.4,44,88,37,0.0,0.05,0.05,0.0,0.05,0.02,0.06,0.08,0.02,0.08
Villarreal,Alex Baena,ESP,"MF,FW",23,20,19,1640,18.2,5,5,10,5,0,1,7,0,5.1,4.3,7.1,11.4,50,120,99,0.27,0.27,0.55,0.27,0.55,0.28,0.39,0.67,0.24,0.63
Villarreal,Santi Comesaña,ESP,MF,28,20,18,1506,16.7,3,2,5,3,0,0,4,0,1.9,1.9,1.3,3.2,25,101,35,0.18,0.12,0.3,0.18,0.3,0.11,0.08,0.19,0.11,0.19
Villarreal,Diego Conde,ESP,GK,26,16,16,1422,15.8,0,1,1,0,0,0,1,0,0.0,0.0,0.2,0.2,0,0,0,0.0,0.06,0.06,0.0,0.06,0.0,0.01,0.01,0.0,0.01
Villarreal,Pape Gueye,SEN,"MF,FW",26,20,16,1391,15.5,1,0,1,1,0,0,5,1,1.9,1.9,0.8,2.7,25,96,52,0.06,0.0,0.06,0.06,0.06,0.13,0.05,0.17,0.13,0.17
Villarreal,Daniel Parejo,ESP,MF,35,20,16,1352,15.0,3,1,4,2,1,2,6,0,2.2,0.5,0.5,1.0,8,111,18,0.2,0.07,0.27,0.13,0.2,0.15,0.04,0.18,0.03,0.07
Villarreal,Thierno Barry,FRA,FW,22,21,15,1371,15.2,8,3,11,7,1,1,2,0,9.2,8.4,2.2,10.6,22,16,82,0.53,0.2,0.72,0.46,0.66,0.6,0.15,0.75,0.55,0.7
Villarreal,Logan Costa,CPV,DF,23,16,15,1321,14.7,2,0,2,2,0,0,2,0,0.6,0.6,0.3,0.9,14,57,8,0.14,0.0,0.14,0.14,0.14,0.04,0.02,0.06,0.04,0.06
Villarreal,Raúl Albiol,ESP,DF,39,15,14,1188,13.2,0,0,0,0,0,0,5,0,0.1,0.1,0.0,0.1,3,34,0,0.0,0.0,0.0,0.0,0.0,0.01,0.0,0.01,0.01,0.01
Villarreal,Yeremi Pino,ESP,MF,22,19,13,1031,11.5,1,3,4,1,0,0,6,0,2.3,2.3,3.3,5.6,25,32,129,0.09,0.26,0.35,0.09,0.35,0.2,0.29,0.49,0.2,0.49
Villarreal,Ayoze Pérez,ESP,FW,31,15,8,839,9.3,9,0,9,9,0,0,3,0,5.3,5.3,1.3,6.7,31,32,52,0.97,0.0,0.97,0.97,0.97,0.56,0.14,0.7,0.56,0.7
Villarreal,Ilias Akhomach,MAR,"MF,FW",20,11,7,584,6.5,1,0,1,1,0,0,1,0,0.6,0.6,1.0,1.6,30,12,64,0.15,0.0,0.15,0.15,0.15,0.09,0.15,0.23,0.09,0.23
Villarreal,Eric Bailly,CIV,DF,30,9,7,579,6.4,0,0,0,0,0,0,2,0,0.3,0.3,0.0,0.3,1,17,0,0.0,0.0,0.0,0.0,0.0,0.05,0.0,0.05,0.05,0.05
Villarreal,Nicolas Pépé,CIV,"FW,MF",29,14,6,641,7.1,1,2,3,1,0,0,1,0,2.0,2.0,0.9,2.9,28,29,64,0.14,0.28,0.42,0.14,0.42,0.29,0.12,0.41,0.29,0.41
Villarreal,Gerard Moreno,ESP,FW,32,12,6,599,6.7,3,1,4,0,3,3,0,0,4.2,1.8,3.0,4.9,11,44,50,0.45,0.15,0.6,0.0,0.15,0.63,0.46,1.09,0.28,0.73
Villarreal,Luiz Lúcio Reis Júnior,BRA,GK,24,7,6,558,6.2,0,0,0,0,0,0,0,0,0.0,0.0,0.0,0.0,0,0,0,0.0,0.0,0.0,0.0,0.0,0.0,0.0,0.0,0.0,0.0
Villarreal,Willy Kambwala,FRA,DF,20,6,5,414,4.6,0,0,0,0,0,0,0,1,0.2,0.2,0.0,0.2,1,8,0,0.0,0.0,0.0,0.0,0.0,0.04,0.0,0.04,0.04,0.04
Villarreal,Denis Suárez,ESP,MF,31,12,4,351,3.9,1,1,2,1,0,0,0,0,0.8,0.8,0.5,1.3,11,14,18,0.26,0.26,0.51,0.26,0.51,0.21,0.12,0.33,0.21,0.33
Villarreal,Juan Foyth,ARG,DF,27,5,3,272,3.0,0,0,0,0,0,0,2,0,0.7,0.7,0.1,0.8,2,8,0,0.0,0.0,0.0,0.0,0.0,0.24,0.04,0.28,0.24,0.28
Villarreal,Arnaut Danjuma,NED,FW,28,3,3,200,2.2,2,0,2,2,0,0,1,0,0.8,0.8,0.0,0.8,4,1,17,0.9,0.0,0.9,0.9,0.9,0.37,0.01,0.38,0.37,0.38
Villarreal,Pau Navarro,ESP,DF,19,8,2,383,4.3,0,0,0,0,0,0,0,0,0.0,0.0,0.0,0.0,1,18,3,0.0,0.0,0.0,0.0,0.0,0.0,0.0,0.0,0.0,0.0
Villarreal,Juan Bernat,ESP,"DF,MF",31,10,1,212,2.4,0,1,1,0,0,0,0,0,0.3,0.3,0.4,0.7,4,8,23,0.0,0.42,0.42,0.0,0.42,0.12,0.17,0.29,0.12,0.29
Villarreal,Ramón Terrats,ESP,"MF,FW",24,11,1,131,1.5,0,0,0,0,0,0,1,0,0.1,0.1,0.3,0.3,1,7,3,0.0,0.0,0.0,0.0,0.0,0.04,0.19,0.22,0.04,0.22
Villarreal,Pau Cabanes,ESP,"MF,FW",19,10,0,163,1.8,1,0,1,1,0,0,0,0,0.5,0.5,0.4,0.9,10,11,33,0.55,0.0,0.55,0.55,0.55,0.26,0.22,0.47,0.26,0.47
Villarreal,Thiago Ojeda,ARG,MF,22,1,0,8,0.1,0,0,0,0,0,0,1,0,0.0,0.0,0.0,0.0,1,2,0,0.0,0.0,0.0,0.0,0.0,0.12,0.0,0.12,0.12,0.12
Villarreal,Iker Álvarez,AND,GK,23,0,0,0,0.0,0,0,0,0,0,0,0,0,0.0,0.0,0.0,0.0,0,0,0,0.0,0.0,0.0,0.0,0.0,0.0,0.0,0.0,0.0,0.0
Villarreal,Alassane Diatta,SEN,MF,19,0,0,0,0.0,0,0,0,0,0,0,0,0,0.0,0.0,0.0,0.0,0,0,0,0.0,0.0,0.0,0.0,0.0,0.0,0.0,0.0,0.0,0.0
Villarreal,Antonio Espigare,ESP,DF,20,0,0,0,0.0,0,0,0,0,0,0,0,0,0.0,0.0,0.0,0.0,0,0,0,0.0,0.0,0.0,0.0,0.0,0.0,0.0,0.0,0.0,0.0
Villarreal,Karl Etta,CMR,FW,21,0,0,0,0.0,0,0,0,0,0,0,0,0,0.0,0.0,0.0,0.0,0,0,0,0.0,0.0,0.0,0.0,0.0,0.0,0.0,0.0,0.0,0.0
Villarreal,Rubén Gómez,ESP,GK,23,0,0,0,0.0,0,0,0,0,0,0,0,0,0.0,0.0,0.0,0.0,0,0,0,0.0,0.0,0.0,0.0,0.0,0.0,0.0,0.0,0.0,0.0
Villarreal,Daniel Requena,ESP,MF,20,0,0,0,0.0,0,0,0,0,0,0,0,0,0.0,0.0,0.0,0.0,0,0,0,0.0,0.0,0.0,0.0,0.0,0.0,0.0,0.0,0.0,0.0
Villarreal,Arnau Solà,ESP,DF,21,0,0,0,0.0,0,0,0,0,0,0,0,0,0.0,0.0,0.0,0.0,0,0,0,0.0,0.0,0.0,0.0,0.0,0.0,0.0,0.0,0.0,0.0
Rayo Vallecano,Florian Lejeune,FRA,DF,33,22,22,1975,21.9,0,2,2,0,0,0,4,0,2.3,2.3,0.8,3.1,17,78,5,0.0,0.09,0.09,0.0,0.09,0.11,0.03,0.14,0.11,0.14
Rayo Vallecano,Abdul Mumin,GHA,DF,26,20,20,1713,19.0,2,1,3,2,0,0,6,1,0.4,0.4,0.2,0.6,9,30,3,0.11,0.05,0.16,0.11,0.16,0.02,0.01,0.03,0.02,0.03
Rayo Vallecano,Andrei Ratiu,ROU,DF,26,20,19,1728,19.2,1,2,3,1,0,0,2,0,1.3,1.3,3.2,4.5,62,73,86,0.05,0.1,0.16,0.05,0.16,0.07,0.17,0.23,0.07,0.23
Rayo Vallecano,Jorge de Frutos,ESP,"MF,FW",27,22,18,1546,17.2,4,2,6,4,0,0,1,0,3.9,3.9,2.5,6.4,53,36,127,0.23,0.12,0.35,0.23,0.35,0.23,0.14,0.37,0.23,0.37
Rayo Vallecano,Augusto Batalla,ARG,GK,28,17,17,1530,17.0,0,0,0,0,0,0,3,0,0.0,0.0,0.0,0.0,0,2,0,0.0,0.0,0.0,0.0,0.0,0.0,0.0,0.0,0.0,0.0
Rayo Vallecano,Isaac Palazón Camacho,ESP,"FW,MF",30,22,16,1391,15.5,3,3,6,3,0,0,4,0,2.7,2.7,2.3,5.0,17,66,73,0.19,0.19,0.39,0.19,0.39,0.18,0.15,0.32,0.18,0.32
Rayo Vallecano,Unai López,ESP,MF,29,19,15,1096,12.2,3,0,3,3,0,0,7,1,1.3,1.3,0.4,1.7,10,70,26,0.25,0.0,0.25,0.25,0.25,0.11,0.03,0.14,0.11,0.14
Rayo Vallecano,Óscar Valentín,ESP,MF,30,22,14,1344,14.9,0,0,0,0,0,0,2,0,0.4,0.4,0.7,1.0,7,64,7,0.0,0.0,0.0,0.0,0.0,0.03,0.04,0.07,0.03,0.07
Rayo Vallecano,Pep Chavarría,ESP,DF,26,18,14,1290,14.3,0,1,1,0,0,0,1,0,0.6,0.6,0.8,1.4,26,61,66,0.0,0.07,0.07,0.0,0.07,0.04,0.06,0.1,0.04,0.1
Rayo Vallecano,Álvaro García,ESP,"FW,MF",32,20,13,1230,13.7,2,2,4,2,0,0,4,0,2.6,2.6,3.0,5.6,38,43,124,0.15,0.15,0.29,0.15,0.29,0.19,0.22,0.41,0.19,0.41
Rayo Vallecano,Sergio Camello,ESP,FW,23,22,13,1115,12.4,3,2,5,3,0,0,2,0,4.1,4.1,2.0,6.1,19,27,67,0.24,0.16,0.4,0.24,0.4,0.33,0.16,0.49,0.33,0.49
Rayo Vallecano,Adri Embarba,ESP,"FW,MF",32,20,13,1068,11.9,1,1,2,1,0,0,3,0,1.3,1.3,1.5,2.8,30,33,69,0.08,0.08,0.17,0.08,0.17,0.11,0.12,0.23,0.11,0.23
Rayo Vallecano,Pathé Ciss,SEN,MF,30,18,10,962,10.7,2,1,3,2,0,0,5,0,1.3,1.3,0.8,2.1,9,61,9,0.19,0.09,0.28,0.19,0.28,0.12,0.07,0.2,0.12,0.2
Rayo Vallecano,Randy Nteka,ANG,FW,27,17,9,717,8.0,3,0,3,3,0,0,5,0,2.0,2.0,0.5,2.5,7,6,28,0.38,0.0,0.38,0.38,0.38,0.25,0.06,0.31,0.25,0.31
Rayo Vallecano,Iván Balliu,ALB,DF,33,17,7,743,8.3,0,0,0,0,0,0,2,0,0.0,0.0,0.4,0.4,6,25,11,0.0,0.0,0.0,0.0,0.0,0.0,0.05,0.05,0.0,0.05
Rayo Vallecano,Cárdenas,ESP,GK,27,5,5,450,5.0,0,0,0,0,0,0,0,0,0.0,0.0,0.0,0.0,0,0,0,0.0,0.0,0.0,0.0,0.0,0.0,0.0,0.0,0.0,0.0
Rayo Vallecano,Alfonso Espino,URU,DF,33,6,5,397,4.4,0,0,0,0,0,0,2,0,0.2,0.2,0.0,0.2,5,15,12,0.0,0.0,0.0,0.0,0.0,0.05,0.0,0.06,0.05,0.06
Rayo Vallecano,Gerard Gumbau,ESP,MF,30,11,4,473,5.3,0,1,1,0,0,0,2,0,0.5,0.5,1.0,1.5,1,18,16,0.0,0.19,0.19,0.0,0.19,0.1,0.18,0.28,0.1,0.28
Rayo Vallecano,Óscar Trejo,ARG,"MF,FW",36,8,3,243,2.7,0,0,0,0,0,0,1,0,0.3,0.3,0.9,1.2,2,18,10,0.0,0.0,0.0,0.0,0.0,0.1,0.34,0.44,0.1,0.44
Rayo Vallecano,Pedro Díaz,ESP,"MF,FW",26,10,2,215,2.4,0,0,0,0,0,0,1,0,0.3,0.3,0.3,0.6,3,12,5,0.0,0.0,0.0,0.0,0.0,0.14,0.12,0.26,0.14,0.26
Rayo Vallecano,Aridane Hernández,ESP,DF,35,4,2,204,2.3,0,0,0,0,0,0,0,0,0.4,0.4,0.0,0.4,1,16,0,0.0,0.0,0.0,0.0,0.0,0.17,0.0,0.17,0.17,0.17
Rayo Vallecano,James Rodríguez,COL,"MF,FW",33,6,1,140,1.6,0,0,0,0,0,0,1,0,0.3,0.3,0.2,0.5,3,13,7,0.0,0.0,0.0,0.0,0.0,0.19,0.11,0.29,0.19,0.29
Rayo Vallecano,Sergi Guardiola,ESP,FW,33,6,0,95,1.1,0,0,0,0,0,0,0,0,0.5,0.5,0.1,0.6,0,2,10,0.0,0.0,0.0,0.0,0.0,0.52,0.07,0.59,0.52,0.59
Rayo Vallecano,Etienne Eto'o,CMR,FW,22,0,0,0,0.0,0,0,0,0,0,0,0,0,0.0,0.0,0.0,0.0,0,0,0,0.0,0.0,0.0,0.0,0.0,0.0,0.0,0.0,0.0,0.0
Rayo Vallecano,Pelayo Fernandez,ESP,DF,21,0,0,0,0.0,0,0,0,0,0,0,0,0,0.0,0.0,0.0,0.0,0,0,0,0.0,0.0,0.0,0.0,0.0,0.0,0.0,0.0,0.0,0.0
Rayo Vallecano,Juanpe,ESP,GK,23,0,0,0,0.0,0,0,0,0,0,0,0,0,0.0,0.0,0.0,0.0,0,0,0,0.0,0.0,0.0,0.0,0.0,0.0,0.0,0.0,0.0,0.0
Rayo Vallecano,Marco de las Sías,ESP,DF,19,0,0,0,0.0,0,0,0,0,0,0,0,0,0.0,0.0,0.0,0.0,0,0,0,0.0,0.0,0.0,0.0,0.0,0.0,0.0,0.0,0.0,0.0
Rayo Vallecano,Diego Méndez,ESP,MF,21,0,0,0,0.0,0,0,0,0,0,0,0,0,0.0,0.0,0.0,0.0,0,0,0,0.0,0.0,0.0,0.0,0.0,0.0,0.0,0.0,0.0,0.0
Rayo Vallecano,Joni Montiel,ESP,MF,26,0,0,0,0.0,0,0,0,0,0,0,0,0,0.0,0.0,0.0,0.0,0,0,0,0.0,0.0,0.0,0.0,0.0,0.0,0.0,0.0,0.0,0.0
Rayo Vallecano,Morro,ESP,GK,24,0,0,0,0.0,0,0,0,0,0,0,0,0,0.0,0.0,0.0,0.0,0,0,0,0.0,0.0,0.0,0.0,0.0,0.0,0.0,0.0,0.0,0.0
Rayo Vallecano,Raúl de Tomás,ESP,FW,30,0,0,0,0.0,0,0,0,0,0,0,0,0,0.0,0.0,0.0,0.0,0,0,0,0.0,0.0,0.0,0.0,0.0,0.0,0.0,0.0,0.0,0.0
Girona,Paulo Gazzaniga,ARG,GK,33,22,22,1935,21.5,0,0,0,0,0,0,3,0,0.0,0.0,0.0,0.0,0,0,0,0.0,0.0,0.0,0.0,0.0,0.0,0.0,0.0,0.0,0.0
Girona,David López,ESP,DF,35,20,19,1747,19.4,1,0,1,1,0,0,3,0,0.7,0.7,0.0,0.7,12,85,2,0.05,0.0,0.05,0.05,0.05,0.03,0.0,0.04,0.03,0.04
Girona,Miguel Gutiérrez,ESP,"DF,MF",23,19,19,1643,18.3,1,4,5,1,0,0,2,0,1.3,1.3,3.5,4.8,44,80,144,0.05,0.22,0.27,0.05,0.27,0.07,0.19,0.26,0.07,0.26
Girona,Arnau Martinez,ESP,"DF,MF",21,19,17,1518,16.9,2,2,4,2,0,0,2,0,1.0,1.0,1.8,2.8,26,114,65,0.12,0.12,0.24,0.12,0.24,0.06,0.11,0.17,0.06,0.17
Girona,Bryan Gil,ESP,"FW,MF",23,20,17,1395,15.5,3,3,6,3,0,0,2,0,2.2,2.2,2.8,5.0,61,63,176,0.19,0.19,0.39,0.19,0.39,0.14,0.18,0.32,0.14,0.32
Girona,Daley Blind,NED,DF,34,18,16,1385,15.4,0,1,1,0,0,0,2,0,0.2,0.2,0.7,0.9,37,155,27,0.0,0.06,0.06,0.0,0.06,0.01,0.05,0.06,0.01,0.06
Girona,Iván Martín,ESP,MF,25,18,16,1348,15.0,1,1,2,1,0,0,1,0,0.9,0.9,1.8,2.7,38,91,38,0.07,0.07,0.13,0.07,0.13,0.06,0.12,0.18,0.06,0.18
Girona,Donny van de Beek,NED,MF,27,18,13,1107,12.3,2,2,4,2,0,0,4,0,1.2,1.2,3.0,4.2,13,35,73,0.16,0.16,0.33,0.16,0.33,0.1,0.24,0.34,0.1,0.34
Girona,Yangel Herrera,VEN,MF,27,15,13,1078,12.0,2,2,4,2,0,0,6,0,1.8,1.8,1.0,2.8,12,66,42,0.17,0.17,0.33,0.17,0.33,0.15,0.08,0.23,0.15,0.23
Girona,Abel Ruiz,ESP,FW,25,16,13,1034,11.5,4,0,4,3,1,2,3,0,4.5,3.0,0.4,3.3,16,16,55,0.35,0.0,0.35,0.26,0.26,0.4,0.03,0.43,0.26,0.29
Girona,Ladislav Krejčí,CZE,DF,25,13,12,1090,12.1,2,0,2,2,0,0,5,0,1.3,1.3,0.1,1.3,19,65,4,0.17,0.0,0.17,0.17,0.17,0.11,0.0,0.11,0.11,0.11
Girona,Oriol Romeu,ESP,MF,33,14,11,878,9.8,0,0,0,0,0,0,5,0,0.1,0.1,0.1,0.2,11,50,5,0.0,0.0,0.0,0.0,0.0,0.01,0.01,0.02,0.01,0.02
Girona,Arnaut Danjuma,NED,"FW,MF",28,15,9,800,8.9,1,0,1,1,0,0,2,0,1.7,1.7,0.7,2.4,54,25,110,0.11,0.0,0.11,0.11,0.11,0.2,0.07,0.27,0.2,0.27
Girona,Yaser Asprilla,COL,"FW,MF",21,13,9,795,8.8,2,0,2,2,0,0,1,0,1.3,1.3,1.3,2.5,37,56,86,0.23,0.0,0.23,0.23,0.23,0.14,0.14,0.28,0.14,0.28
Girona,Bojan Miovski,MKD,FW,25,10,9,637,7.1,2,1,3,2,0,0,0,0,2.6,2.6,0.1,2.8,3,2,28,0.28,0.14,0.42,0.28,0.42,0.37,0.02,0.39,0.37,0.39
Girona,Viktor Tsyhankov,UKR,"FW,MF",27,11,8,667,7.4,1,2,3,1,0,0,1,0,0.9,0.9,1.4,2.3,18,30,82,0.13,0.27,0.4,0.13,0.4,0.13,0.18,0.31,0.13,0.31
Girona,Alejandro Francés,ESP,DF,22,10,7,620,6.9,0,0,0,0,0,0,1,0,0.2,0.2,0.0,0.2,9,36,11,0.0,0.0,0.0,0.0,0.0,0.03,0.01,0.03,0.03,0.03
Girona,Juanpe,ESP,DF,33,7,6,507,5.6,0,0,0,0,0,0,1,0,0.0,0.0,0.1,0.1,2,25,0,0.0,0.0,0.0,0.0,0.0,0.01,0.01,0.02,0.01,0.02
Girona,Jhon Solis,COL,MF,20,11,2,378,4.2,1,0,1,1,0,0,1,0,0.6,0.6,0.1,0.7,3,22,11,0.24,0.0,0.24,0.24,0.24,0.14,0.02,0.16,0.14,0.16
Girona,Silvi Clúa,ESP,MF,20,4,2,163,1.8,0,0,0,0,0,0,0,0,0.0,0.0,0.0,0.1,4,3,3,0.0,0.0,0.0,0.0,0.0,0.02,0.02,0.04,0.02,0.04
Girona,Portu,ESP,"FW,MF",32,13,1,264,2.9,0,1,1,0,0,0,3,0,0.0,0.0,0.4,0.5,4,7,32,0.0,0.34,0.34,0.0,0.34,0.02,0.14,0.16,0.02,0.16
Girona,Gabriel Osei Misehouy,NED,"FW,MF",19,7,1,222,2.5,1,0,1,1,0,0,0,0,0.9,0.9,0.3,1.2,5,15,20,0.41,0.0,0.41,0.41,0.41,0.36,0.1,0.47,0.36,0.47
Girona,Cristhian Stuani,URU,FW,38,17,0,388,4.3,4,2,6,2,2,2,2,0,4.8,3.3,0.3,3.6,1,4,17,0.93,0.46,1.39,0.46,0.93,1.12,0.07,1.19,0.77,0.85
Girona,Iker Almena,ESP,"FW,DF",20,2,0,48,0.5,0,1,1,0,0,0,0,0,0.0,0.0,0.7,0.7,6,2,10,0.0,1.87,1.87,0.0,1.87,0.06,1.27,1.33,0.06,1.33
Girona,Papa Ba,ESP,MF,20,1,0,48,0.5,0,0,0,0,0,0,0,0,0.0,0.0,0.0,0.0,1,0,2,0.0,0.0,0.0,0.0,0.0,0.06,0.0,0.06,0.06,0.06
Girona,Pau López,ESP,GK,30,1,0,45,0.5,0,0,0,0,0,0,0,0,0.0,0.0,0.0,0.0,0,0,0,0.0,0.0,0.0,0.0,0.0,0.0,0.0,0.0,0.0,0.0
Girona,Kim Minsu,KOR,"MF,FW",19,3,0,22,0.2,0,0,0,0,0,0,0,0,0.0,0.0,0.0,0.0,0,0,2,0.0,0.0,0.0,0.0,0.0,0.0,0.0,0.0,0.0,0.0
Girona,Ferrán Ruiz,ESP,MF,21,1,0,18,0.2,0,0,0,0,0,0,0,0,0.0,0.0,0.0,0.0,0,1,0,0.0,0.0,0.0,0.0,0.0,0.0,0.0,0.0,0.0,0.0
Girona,Juan Carlos,ESP,GK,37,0,0,0,0.0,0,0,0,0,0,0,0,1,0.0,0.0,0.0,0.0,0,0,0,0.0,0.0,0.0,0.0,0.0,0.0,0.0,0.0,0.0,0.0
Girona,Aleksandar Andreev,BUL,GK,18,0,0,0,0.0,0,0,0,0,0,0,0,0,0.0,0.0,0.0,0.0,0,0,0,0.0,0.0,0.0,0.0,0.0,0.0,0.0,0.0,0.0,0.0
Girona,Ricard Artero,ESP,MF,22,0,0,0,0.0,0,0,0,0,0,0,0,0,0.0,0.0,0.0,0.0,0,0,0,0.0,0.0,0.0,0.0,0.0,0.0,0.0,0.0,0.0,0.0
Girona,Dawda Camara,MTN,FW,22,0,0,0,0.0,0,0,0,0,0,0,0,0,0.0,0.0,0.0,0.0,0,0,0,0.0,0.0,0.0,0.0,0.0,0.0,0.0,0.0,0.0,0.0
Girona,Enric García,ESP,MF,18,0,0,0,0.0,0,0,0,0,0,0,0,0,0.0,0.0,0.0,0.0,0,0,0,0.0,0.0,0.0,0.0,0.0,0.0,0.0,0.0,0.0,0.0
Girona,Jastin García,ESP,FW,21,0,0,0,0.0,0,0,0,0,0,0,0,0,0.0,0.0,0.0,0.0,0,0,0,0.0,0.0,0.0,0.0,0.0,0.0,0.0,0.0,0.0,0.0
Girona,Lucas García,ESP,GK,21,0,0,0,0.0,0,0,0,0,0,0,0,0,0.0,0.0,0.0,0.0,0,0,0,0.0,0.0,0.0,0.0,0.0,0.0,0.0,0.0,0.0,0.0
Girona,Raúl Martínez,ESP,MF,22,0,0,0,0.0,0,0,0,0,0,0,0,0,0.0,0.0,0.0,0.0,0,0,0,0.0,0.0,0.0,0.0,0.0,0.0,0.0,0.0,0.0,0.0
Girona,Joel Roca,ESP,FW,19,0,0,0,0.0,0,0,0,0,0,0,0,0,0.0,0.0,0.0,0.0,0,0,0,0.0,0.0,0.0,0.0,0.0,0.0,0.0,0.0,0.0,0.0
Girona,Toni Villa,ESP,MF,30,0,0,0,0.0,0,0,0,0,0,0,0,0,0.0,0.0,0.0,0.0,0,0,0,0.0,0.0,0.0,0.0,0.0,0.0,0.0,0.0,0.0,0.0
Girona,Krapyvtsov Vladyslav,UKR,GK,19,0,0,0,0.0,0,0,0,0,0,0,0,0,0.0,0.0,0.0,0.0,0,0,0,0.0,0.0,0.0,0.0,0.0,0.0,0.0,0.0,0.0,0.0
Girona,Antal Yaakobishvili,HUN,DF,20,0,0,0,0.0,0,0,0,0,0,0,0,0,0.0,0.0,0.0,0.0,0,0,0,0.0,0.0,0.0,0.0,0.0,0.0,0.0,0.0,0.0,0.0
Osasuna,Sergio Herrera,ESP,GK,31,22,22,1980,22.0,0,0,0,0,0,0,4,0,0.0,0.0,0.0,0.0,0,1,0,0.0,0.0,0.0,0.0,0.0,0.0,0.0,0.0,0.0,0.0
Osasuna,Aimar Oroz,ESP,"MF,FW",23,22,21,1765,19.6,2,1,3,2,0,0,3,0,2.5,2.5,1.7,4.2,41,95,83,0.1,0.05,0.15,0.1,0.15,0.13,0.09,0.21,0.13,0.21
Osasuna,Jesús Areso,ESP,DF,25,21,20,1801,20.0,0,1,1,0,0,0,4,0,0.1,0.1,1.7,1.8,65,63,119,0.0,0.05,0.05,0.0,0.05,0.01,0.08,0.09,0.01,0.09
Osasuna,Catena,ESP,DF,30,20,20,1800,20.0,0,1,1,0,0,0,6,0,1.0,1.0,0.6,1.6,8,56,2,0.0,0.05,0.05,0.0,0.05,0.05,0.03,0.08,0.05,0.08
Osasuna,Lucas Torró,ESP,MF,30,20,20,1710,19.0,3,0,3,3,0,0,7,0,1.1,1.1,0.4,1.5,5,64,22,0.16,0.0,0.16,0.16,0.16,0.06,0.02,0.08,0.06,0.08
Osasuna,Enzo Boyomo,CMR,DF,23,19,19,1682,18.7,1,0,1,1,0,0,4,0,0.4,0.4,0.7,1.1,9,60,1,0.05,0.0,0.05,0.05,0.05,0.02,0.04,0.06,0.02,0.06
Osasuna,Ante Budimir,CRO,FW,33,22,19,1630,18.1,12,1,13,8,4,4,3,0,9.0,6.0,0.9,6.9,16,17,72,0.66,0.06,0.72,0.44,0.5,0.5,0.05,0.55,0.33,0.38
Osasuna,Rubén García,ESP,"FW,MF",31,21,17,1344,14.9,2,4,6,2,0,0,2,0,1.4,1.4,1.4,2.9,16,66,83,0.13,0.27,0.4,0.13,0.4,0.1,0.1,0.19,0.1,0.19
Osasuna,Jon Moncayola,ESP,"MF,FW",26,20,16,1327,14.7,0,0,0,0,0,0,7,0,0.9,0.9,2.0,2.9,15,61,35,0.0,0.0,0.0,0.0,0.0,0.06,0.14,0.2,0.06,0.2
Osasuna,Bryan Zaragoza,ESP,"FW,MF",23,16,13,1056,11.7,1,5,6,1,0,0,3,0,1.8,1.8,1.9,3.7,61,26,85,0.09,0.43,0.51,0.09,0.51,0.15,0.16,0.32,0.15,0.32
Osasuna,Abel,ESP,DF,24,21,12,1258,14.0,2,0,2,2,0,0,2,0,0.4,0.4,0.6,1.0,31,46,48,0.14,0.0,0.14,0.14,0.14,0.03,0.05,0.07,0.03,0.07
Osasuna,Juan Cruz Armada,ESP,DF,32,14,11,859,9.5,0,0,0,0,0,0,1,0,0.1,0.1,0.0,0.1,7,30,10,0.0,0.0,0.0,0.0,0.0,0.01,0.0,0.01,0.01,0.01
Osasuna,Pablo Ibáñez,ESP,MF,26,17,6,693,7.7,0,1,1,0,0,0,2,0,1.3,1.3,1.5,2.8,11,32,15,0.0,0.13,0.13,0.0,0.13,0.17,0.19,0.36,0.17,0.36
Osasuna,Jorge Herrando,ESP,DF,23,9,6,556,6.2,0,0,0,0,0,0,3,0,0.3,0.3,0.0,0.3,3,16,1,0.0,0.0,0.0,0.0,0.0,0.04,0.0,0.04,0.04,0.04
Osasuna,Rubén Peña,ESP,"FW,MF",33,16,5,509,5.7,0,0,0,0,0,0,1,0,0.6,0.6,0.3,0.9,12,12,29,0.0,0.0,0.0,0.0,0.0,0.1,0.06,0.16,0.1,0.16
Osasuna,Raúl,ESP,"FW,MF",24,21,4,578,6.4,2,0,2,2,0,0,0,0,1.8,1.8,0.6,2.3,10,12,34,0.31,0.0,0.31,0.31,0.31,0.28,0.09,0.36,0.28,0.36
Osasuna,Moi Gómez,ESP,"MF,FW",30,16,4,524,5.8,0,0,0,0,0,0,1,0,0.1,0.1,0.4,0.5,7,33,10,0.0,0.0,0.0,0.0,0.0,0.02,0.06,0.09,0.02,0.09
Osasuna,Iker Muñoz,ESP,MF,22,10,3,298,3.3,0,0,0,0,0,0,1,0,0.1,0.1,0.2,0.3,2,7,5,0.0,0.0,0.0,0.0,0.0,0.03,0.05,0.08,0.03,0.08
Osasuna,Kike Barja,ESP,"FW,MF",27,6,3,198,2.2,0,0,0,0,0,0,2,0,0.2,0.2,0.5,0.6,11,2,23,0.0,0.0,0.0,0.0,0.0,0.07,0.21,0.28,0.07,0.28
Osasuna,Nacho Vidal,ESP,DF,30,5,1,124,1.4,0,0,0,0,0,0,0,0,0.0,0.0,0.0,0.0,3,1,5,0.0,0.0,0.0,0.0,0.0,0.0,0.0,0.0,0.0,0.0
Osasuna,José Arnaiz,ESP,"FW,MF",29,6,0,45,0.5,0,0,0,0,0,0,0,0,0.0,0.0,0.1,0.1,2,2,5,0.0,0.0,0.0,0.0,0.0,0.08,0.14,0.21,0.08,0.21
Osasuna,Iker Benito,ESP,"FW,MF",22,2,0,37,0.4,0,0,0,0,0,0,0,0,0.0,0.0,0.0,0.0,2,0,4,0.0,0.0,0.0,0.0,0.0,0.0,0.09,0.09,0.0,0.09
Osasuna,Javi Martínez,ESP,MF,25,1,0,6,0.1,0,0,0,0,0,0,0,0,0.0,0.0,0.0,0.0,0,1,0,0.0,0.0,0.0,0.0,0.0,0.0,0.0,0.0,0.0,0.0
Osasuna,Aitor Fernández,ESP,GK,33,0,0,0,0.0,0,0,0,0,0,0,0,0,0.0,0.0,0.0,0.0,0,0,0,0.0,0.0,0.0,0.0,0.0,0.0,0.0,0.0,0.0,0.0
Osasuna,Unai García,ESP,DF,33,0,0,0,0.0,0,0,0,0,0,0,0,0,0.0,0.0,0.0,0.0,0,0,0,0.0,0.0,0.0,0.0,0.0,0.0,0.0,0.0,0.0,0.0
Osasuna,Carlos Lumbreras,ESP,FW,19,0,0,0,0.0,0,0,0,0,0,0,0,0,0.0,0.0,0.0,0.0,0,0,0,0.0,0.0,0.0,0.0,0.0,0.0,0.0,0.0,0.0,0.0
Osasuna,Asier Osambela,ESP,MF,20,0,0,0,0.0,0,0,0,0,0,0,0,0,0.0,0.0,0.0,0.0,0,0,0,0.0,0.0,0.0,0.0,0.0,0.0,0.0,0.0,0.0,0.0
Osasuna,Dimitrios Stamatakis,GRE,GK,21,0,0,0,0.0,0,0,0,0,0,0,0,0,0.0,0.0,0.0,0.0,0,0,0,0.0,0.0,0.0,0.0,0.0,0.0,0.0,0.0,0.0,0.0
Mallorca,Antonio Raillo,ESP,DF,33,21,21,1857,20.6,1,0,1,1,0,0,2,1,1.2,1.2,1.3,2.5,19,63,13,0.05,0.0,0.05,0.05,0.05,0.06,0.06,0.12,0.06,0.12
Mallorca,Samu Costa,POR,MF,24,19,19,1591,17.7,0,2,2,0,0,0,6,1,1.3,1.3,1.1,2.4,14,75,45,0.0,0.11,0.11,0.0,0.11,0.08,0.06,0.14,0.08,0.14
Mallorca,Johan Mojica,COL,DF,32,21,18,1661,18.5,1,1,2,1,0,0,4,0,0.7,0.7,2.3,3.0,32,84,74,0.05,0.05,0.11,0.05,0.11,0.04,0.12,0.16,0.04,0.16
Mallorca,Sergi Darder,ESP,"MF,FW",31,22,18,1400,15.6,0,1,1,0,0,0,1,0,1.5,1.5,1.5,3.0,27,71,54,0.0,0.06,0.06,0.0,0.06,0.1,0.1,0.2,0.1,0.2
Mallorca,Dominik Greif,SVK,GK,27,17,17,1530,17.0,0,0,0,0,0,0,1,0,0.0,0.0,0.0,0.0,0,0,0,0.0,0.0,0.0,0.0,0.0,0.0,0.0,0.0,0.0,0.0
Mallorca,Martin Valjent,SVK,DF,29,17,17,1503,16.7,0,0,0,0,0,0,4,0,0.3,0.3,0.0,0.3,9,49,9,0.0,0.0,0.0,0.0,0.0,0.02,0.0,0.02,0.02,0.02
Mallorca,Cyle Larin,CAN,FW,29,19,16,1186,13.2,5,2,7,4,1,1,3,0,4.8,4.0,1.3,5.3,10,10,66,0.38,0.15,0.53,0.3,0.46,0.36,0.1,0.46,0.3,0.4
Mallorca,Dani Rodríguez,ESP,"MF,FW",36,22,15,1240,13.8,3,4,7,3,0,0,2,0,1.9,1.9,2.2,4.0,27,46,56,0.22,0.29,0.51,0.22,0.51,0.14,0.16,0.29,0.14,0.29
Mallorca,Pablo Maffeo,ESP,DF,27,16,15,1230,13.7,0,1,1,0,0,0,2,0,0.2,0.2,3.1,3.3,20,37,59,0.0,0.07,0.07,0.0,0.07,0.02,0.22,0.24,0.02,0.24
Mallorca,Vedat Muriqi,KVX,FW,30,17,13,1201,13.3,3,2,5,3,0,0,1,2,4.6,4.6,1.1,5.6,11,23,60,0.22,0.15,0.37,0.22,0.37,0.34,0.08,0.42,0.34,0.42
Mallorca,Manu Morlanes,ESP,MF,26,16,12,1031,11.5,0,0,0,0,0,0,5,0,0.4,0.4,0.2,0.6,14,64,27,0.0,0.0,0.0,0.0,0.0,0.03,0.02,0.05,0.03,0.05
Mallorca,Roberto Navarro,ESP,"MF,FW",22,19,12,1031,11.5,1,0,1,1,0,0,3,0,1.2,1.2,1.1,2.3,40,36,70,0.09,0.0,0.09,0.09,0.09,0.1,0.1,0.2,0.1,0.2
Mallorca,Omar Mascarell,EQG,MF,32,18,11,1071,11.9,0,0,0,0,0,0,4,1,0.2,0.2,0.1,0.2,7,41,4,0.0,0.0,0.0,0.0,0.0,0.01,0.01,0.02,0.01,0.02
Mallorca,Antonio Sánchez,ESP,"MF,DF",28,19,7,862,9.6,0,0,0,0,0,0,1,0,0.7,0.7,0.6,1.3,11,25,33,0.0,0.0,0.0,0.0,0.0,0.08,0.06,0.14,0.08,0.14
Mallorca,Copete,ESP,DF,25,15,7,747,8.3,0,0,0,0,0,0,4,0,0.4,0.4,0.0,0.4,6,23,1,0.0,0.0,0.0,0.0,0.0,0.05,0.0,0.05,0.05,0.05
Mallorca,Takuma Asano,JPN,"FW,MF",30,11,5,463,5.1,0,0,0,0,0,0,0,0,1.0,1.0,0.0,1.0,17,10,34,0.0,0.0,0.0,0.0,0.0,0.2,0.0,0.2,0.2,0.2
Mallorca,Leo Román,ESP,GK,24,5,5,450,5.0,0,0,0,0,0,0,0,0,0.0,0.0,0.0,0.0,0,0,0,0.0,0.0,0.0,0.0,0.0,0.0,0.0,0.0,0.0,0.0
Mallorca,Mateu Morey,ESP,DF,24,7,4,377,4.2,0,0,0,0,0,0,1,0,0.0,0.0,0.1,0.1,13,9,18,0.0,0.0,0.0,0.0,0.0,0.01,0.03,0.04,0.01,0.04
Mallorca,Toni Lato,ESP,DF,27,5,3,263,2.9,0,0,0,0,0,0,0,1,0.0,0.0,0.3,0.3,7,11,18,0.0,0.0,0.0,0.0,0.0,0.0,0.09,0.09,0.0,0.09
Mallorca,Marc Domenech,ESP,FW,19,3,2,115,1.3,0,0,0,0,0,0,0,0,0.1,0.1,0.0,0.2,0,2,8,0.0,0.0,0.0,0.0,0.0,0.11,0.01,0.12,0.11,0.12
Mallorca,Valery Fernández,ESP,"MF,FW",25,11,1,230,2.6,2,0,2,2,0,0,1,0,0.8,0.8,0.0,0.8,2,3,8,0.78,0.0,0.78,0.78,0.78,0.33,0.0,0.33,0.33,0.33
Mallorca,Abdón Prats,ESP,"FW,MF",32,15,1,228,2.5,2,0,2,1,1,1,4,0,1.9,1.1,0.0,1.1,0,5,6,0.79,0.0,0.79,0.39,0.39,0.75,0.0,0.75,0.44,0.44
Mallorca,Chiquinho,POR,"MF,FW",25,8,1,146,1.6,0,0,0,0,0,0,2,0,0.3,0.3,0.0,0.3,4,1,12,0.0,0.0,0.0,0.0,0.0,0.19,0.02,0.21,0.19,0.21
Mallorca,Siebe Van Der Heyden,BEL,"DF,MF",26,2,1,97,1.1,0,0,0,0,0,0,0,0,0.0,0.0,0.1,0.1,1,5,1,0.0,0.0,0.0,0.0,0.0,0.03,0.07,0.1,0.03,0.1
Mallorca,Javier Llabrés,ESP,FW,22,1,1,57,0.6,0,0,0,0,0,0,0,0,0.0,0.0,0.1,0.1,3,3,8,0.0,0.0,0.0,0.0,0.0,0.08,0.14,0.21,0.08,0.21
Mallorca,Daniel Luna,COL,MF,21,2,0,20,0.2,0,0,0,0,0,0,0,0,0.0,0.0,0.0,0.0,1,0,2,0.0,0.0,0.0,0.0,0.0,0.0,0.0,0.0,0.0,0.0
Mallorca,Jan Salas,ESP,MF,19,1,0,10,0.1,0,0,0,0,0,0,0,0,0.1,0.1,0.0,0.1,0,0,0,0.0,0.0,0.0,0.0,0.0,0.52,0.0,0.52,0.52,0.52
Mallorca,Iván Cuéllar,ESP,GK,40,0,0,0,0.0,0,0,0,0,0,0,0,0,0.0,0.0,0.0,0.0,0,0,0,0.0,0.0,0.0,0.0,0.0,0.0,0.0,0.0,0.0,0.0
Mallorca,Pere Joan,ESP,GK,22,0,0,0,0.0,0,0,0,0,0,0,0,0,0.0,0.0,0.0,0.0,0,0,0,0.0,0.0,0.0,0.0,0.0,0.0,0.0,0.0,0.0,0.0
Mallorca,David López,ESP,DF,22,0,0,0,0.0,0,0,0,0,0,0,0,0,0.0,0.0,0.0,0.0,0,0,0,0.0,0.0,0.0,0.0,0.0,0.0,0.0,0.0,0.0,0.0
Mallorca,Sebastian Wade,ESP,DF,21,0,0,0,0.0,0,0,0,0,0,0,0,0,0.0,0.0,0.0,0.0,0,0,0,0.0,0.0,0.0,0.0,0.0,0.0,0.0,0.0,0.0,0.0
Betis,Diego Llorente,ESP,DF,31,21,21,1854,20.6,0,0,0,0,0,0,2,0,0.6,0.6,0.2,0.8,4,61,3,0.0,0.0,0.0,0.0,0.0,0.03,0.01,0.04,0.03,0.04
Betis,Abde Ezzalzouli,MAR,"FW,MF",23,22,18,1504,16.7,1,1,2,1,0,1,2,0,6.9,6.1,1.6,7.7,91,54,158,0.06,0.06,0.12,0.06,0.12,0.41,0.1,0.51,0.37,0.46
Betis,Romain Perraud,FRA,DF,27,19,15,1372,15.2,1,0,1,1,0,0,4,1,0.3,0.3,0.8,1.1,38,45,82,0.07,0.0,0.07,0.07,0.07,0.02,0.05,0.07,0.02,0.07
Betis,Rui Silva,POR,GK,30,15,15,1350,15.0,0,0,0,0,0,0,1,0,0.0,0.0,0.1,0.1,0,0,0,0.0,0.0,0.0,0.0,0.0,0.0,0.01,0.01,0.0,0.01
Betis,Sergi Altimira,ESP,MF,23,19,14,1267,14.1,0,1,1,0,0,0,2,0,1.4,1.3,1.4,2.7,13,68,17,0.0,0.07,0.07,0.0,0.07,0.1,0.1,0.2,0.09,0.19
Betis,Vitor Roque,BRA,FW,19,19,14,1182,13.1,4,0,4,4,0,0,3,0,6.1,6.1,1.1,7.2,22,16,53,0.3,0.0,0.3,0.3,0.3,0.46,0.08,0.55,0.46,0.55
Betis,Natan,BRA,DF,24,17,12,1137,12.6,0,0,0,0,0,0,2,1,0.2,0.2,0.6,0.7,10,35,6,0.0,0.0,0.0,0.0,0.0,0.01,0.04,0.06,0.01,0.06
Betis,Johnny Cardoso,USA,MF,23,15,12,1095,12.2,0,1,1,0,0,0,3,0,0.8,0.8,0.8,1.5,6,38,17,0.0,0.08,0.08,0.0,0.08,0.06,0.06,0.13,0.06,0.13
Betis,Pablo Fornals,ESP,"MF,FW",28,15,12,1047,11.6,1,0,1,1,0,0,2,0,1.4,1.4,2.1,3.4,16,85,60,0.09,0.0,0.09,0.09,0.09,0.12,0.18,0.29,0.12,0.29
Betis,Youssouf Sabaly,SEN,DF,31,14,12,1018,11.3,0,0,0,0,0,0,1,0,0.1,0.1,0.4,0.5,12,34,36,0.0,0.0,0.0,0.0,0.0,0.01,0.03,0.05,0.01,0.05
Betis,Marc Bartra,ESP,DF,34,12,11,1016,11.3,2,0,2,2,0,0,1,0,0.8,0.8,0.0,0.8,4,35,1,0.18,0.0,0.18,0.18,0.18,0.07,0.0,0.07,0.07,0.07
Betis,Giovani Lo Celso,ARG,"MF,FW",28,14,10,971,10.8,7,1,8,5,2,2,3,0,3.3,1.7,3.4,5.1,14,94,45,0.65,0.09,0.74,0.46,0.56,0.31,0.31,0.62,0.16,0.47
Betis,Marc Roca,ESP,MF,28,12,10,804,8.9,0,1,1,0,0,0,4,0,0.5,0.5,0.4,0.9,10,52,10,0.0,0.11,0.11,0.0,0.11,0.06,0.05,0.1,0.06,0.1
Betis,Aitor Ruibal,ESP,"FW,DF",28,16,7,640,7.1,0,2,2,0,0,0,3,0,0.6,0.6,1.3,1.9,13,21,39,0.0,0.28,0.28,0.0,0.28,0.08,0.18,0.26,0.08,0.26
Betis,Ezequiel Ávila,ARG,FW,31,15,6,574,6.4,2,0,2,2,0,0,4,1,1.5,1.5,1.0,2.5,12,18,41,0.31,0.0,0.31,0.31,0.31,0.24,0.16,0.4,0.24,0.4
Betis,Héctor Bellerín,ESP,DF,29,7,6,524,5.8,0,1,1,0,0,0,1,0,0.2,0.2,2.0,2.2,3,24,20,0.0,0.17,0.17,0.0,0.17,0.03,0.34,0.38,0.03,0.38
Betis,Ricardo Rodríguez,SUI,DF,32,8,6,464,5.2,0,0,0,0,0,0,0,0,0.0,0.0,0.1,0.1,4,21,15,0.0,0.0,0.0,0.0,0.0,0.0,0.03,0.03,0.0,0.03
Betis,Isco,ESP,MF,32,7,5,457,5.1,2,1,3,1,1,1,2,0,1.9,1.1,0.6,1.8,11,37,40,0.39,0.2,0.59,0.2,0.39,0.38,0.12,0.5,0.22,0.35
Betis,Cédric Bakambu,COD,FW,33,13,4,430,4.8,1,2,3,1,0,0,4,0,1.9,1.9,0.6,2.4,3,9,29,0.21,0.42,0.63,0.21,0.63,0.39,0.12,0.51,0.39,0.51
Betis,Fran Vieites,ESP,GK,25,4,4,360,4.0,0,0,0,0,0,0,0,0,0.0,0.0,0.0,0.0,0,0,0,0.0,0.0,0.0,0.0,0.0,0.01,0.0,0.01,0.01,0.01
Betis,Jesus Rodríguez,ESP,FW,19,6,4,329,3.7,1,0,1,1,0,0,0,0,0.2,0.2,0.0,0.2,14,11,31,0.27,0.0,0.27,0.27,0.27,0.04,0.01,0.06,0.04,0.06
Betis,William Carvalho,POR,MF,32,4,4,247,2.7,0,0,0,0,0,0,0,0,0.1,0.1,0.0,0.2,1,20,2,0.0,0.0,0.0,0.0,0.0,0.05,0.01,0.06,0.05,0.06
Betis,Iker Losada,ESP,"MF,FW",23,10,3,336,3.7,0,0,0,0,0,0,0,0,0.5,0.5,0.3,0.8,9,14,16,0.0,0.0,0.0,0.0,0.0,0.13,0.08,0.21,0.13,0.21
Betis,Adrián,ESP,GK,38,3,3,270,3.0,0,0,0,0,0,0,2,0,0.0,0.0,0.0,0.0,0,0,0,0.0,0.0,0.0,0.0,0.0,0.0,0.0,0.0,0.0,0.0
Betis,Assane Diao,ESP,FW,19,10,2,277,3.1,1,2,3,1,0,0,0,0,0.8,0.8,1.5,2.3,9,1,27,0.32,0.65,0.97,0.32,0.97,0.26,0.5,0.75,0.26,0.75
Betis,Juanmi,ESP,"FW,MF",31,11,2,244,2.7,0,0,0,0,0,0,2,0,0.7,0.7,0.4,1.0,4,4,18,0.0,0.0,0.0,0.0,0.0,0.25,0.14,0.39,0.25,0.39
Betis,Nabil Fekir,FRA,MF,31,2,2,180,2.0,0,1,1,0,0,0,0,0,0.7,0.7,0.5,1.2,9,10,18,0.0,0.5,0.5,0.0,0.5,0.34,0.26,0.61,0.34,0.61
Betis,Ángel Ortíz,ESP,DF,20,2,2,180,2.0,0,1,1,0,0,0,0,0,0.0,0.0,0.1,0.1,1,6,11,0.0,0.5,0.5,0.0,0.5,0.01,0.05,0.05,0.01,0.05
Betis,Carlos Guirao,ESP,MF,21,2,2,110,1.2,0,0,0,0,0,0,0,0,0.0,0.0,0.0,0.0,1,2,2,0.0,0.0,0.0,0.0,0.0,0.0,0.0,0.0,0.0,0.0
Betis,Mateo Flores,ESP,MF,20,5,1,142,1.6,0,0,0,0,0,0,1,0,0.0,0.0,0.0,0.0,0,7,2,0.0,0.0,0.0,0.0,0.0,0.0,0.0,0.0,0.0,0.0
Betis,Rodri,ESP,FW,24,3,1,118,1.3,0,0,0,0,0,0,0,0,0.2,0.2,0.1,0.2,4,8,11,0.0,0.0,0.0,0.0,0.0,0.13,0.06,0.19,0.13,0.19
Betis,Sergio Arribas,ESP,DF,21,1,1,90,1.0,0,0,0,0,0,0,0,0,0.0,0.0,0.0,0.0,0,1,4,0.0,0.0,0.0,0.0,0.0,0.0,0.0,0.0,0.0,0.0
Betis,Antony,BRA,FW,24,1,1,71,0.8,0,0,0,0,0,0,0,0,0.1,0.1,0.1,0.2,3,5,6,0.0,0.0,0.0,0.0,0.0,0.13,0.12,0.25,0.13,0.25
Betis,Pablo Garcia,ESP,FW,18,2,0,26,0.3,0,0,0,0,0,0,0,0,0.0,0.0,0.0,0.0,1,0,5,0.0,0.0,0.0,0.0,0.0,0.0,0.0,0.0,0.0,0.0
Betis,Alcázar,ESP,DF,22,0,0,0,0.0,0,0,0,0,0,0,0,0,0.0,0.0,0.0,0.0,0,0,0,0.0,0.0,0.0,0.0,0.0,0.0,0.0,0.0,0.0,0.0
Betis,Pablo Busto,ESP,DF,19,0,0,0,0.0,0,0,0,0,0,0,0,0,0.0,0.0,0.0,0.0,0,0,0,0.0,0.0,0.0,0.0,0.0,0.0,0.0,0.0,0.0,0.0
Betis,Guilherme Fernandes,POR,GK,23,0,0,0,0.0,0,0,0,0,0,0,0,0,0.0,0.0,0.0,0.0,0,0,0,0.0,0.0,0.0,0.0,0.0,0.0,0.0,0.0,0.0,0.0
Betis,Germán García,ESP,GK,21,0,0,0,0.0,0,0,0,0,0,0,0,0,0.0,0.0,0.0,0.0,0,0,0,0.0,0.0,0.0,0.0,0.0,0.0,0.0,0.0,0.0,0.0
Betis,Manu González,ESP,GK,17,0,0,0,0.0,0,0,0,0,0,0,0,0,0.0,0.0,0.0,0.0,0,0,0,0.0,0.0,0.0,0.0,0.0,0.0,0.0,0.0,0.0,0.0
Betis,Nobel Mendy,FRA,DF,20,0,0,0,0.0,0,0,0,0,0,0,0,0,0.0,0.0,0.0,0.0,0,0,0,0.0,0.0,0.0,0.0,0.0,0.0,0.0,0.0,0.0,0.0
Betis,Xavi Pleguezuelo,ESP,DF,22,0,0,0,0.0,0,0,0,0,0,0,0,0,0.0,0.0,0.0,0.0,0,0,0,0.0,0.0,0.0,0.0,0.0,0.0,0.0,0.0,0.0,0.0
Real Sociedad,Álex Remiro,ESP,GK,29,22,22,1980,22.0,0,0,0,0,0,0,0,0,0.0,0.0,0.0,0.0,0,1,0,0.0,0.0,0.0,0.0,0.0,0.0,0.0,0.0,0.0,0.0
Real Sociedad,Martín Zubimendi,ESP,MF,26,21,20,1804,20.0,1,1,2,1,0,0,4,0,1.6,1.6,0.7,2.4,27,134,30,0.05,0.05,0.1,0.05,0.1,0.08,0.04,0.12,0.08,0.12
Real Sociedad,Igor Zubeldia,ESP,DF,27,19,19,1642,18.2,0,0,0,0,0,0,6,0,0.3,0.3,0.4,0.7,16,72,3,0.0,0.0,0.0,0.0,0.0,0.01,0.02,0.04,0.01,0.04
Real Sociedad,Sergio Gómez,ESP,"MF,DF",24,21,18,1590,17.7,0,4,4,0,0,0,2,0,0.6,0.6,5.4,6.0,29,69,90,0.0,0.23,0.23,0.0,0.23,0.03,0.3,0.34,0.03,0.34
Real Sociedad,Mikel Oyarzabal,ESP,FW,27,20,18,1345,14.9,4,2,6,2,2,2,3,1,5.1,3.5,2.2,5.7,15,14,80,0.27,0.13,0.4,0.13,0.27,0.34,0.15,0.49,0.23,0.38
Real Sociedad,Jon Aramburu,VEN,DF,22,19,17,1467,16.3,0,0,0,0,0,0,6,0,0.2,0.2,0.8,1.0,17,65,31,0.0,0.0,0.0,0.0,0.0,0.01,0.05,0.06,0.01,0.06
Real Sociedad,Takefusa Kubo,JPN,"MF,FW",23,22,16,1466,16.3,4,0,4,4,0,0,4,0,2.7,2.7,2.7,5.4,91,67,146,0.25,0.0,0.25,0.25,0.25,0.16,0.17,0.33,0.16,0.33
Real Sociedad,Nayef Aguerd,MAR,DF,28,16,16,1369,15.2,0,0,0,0,0,0,3,0,2.0,2.0,0.1,2.1,16,57,1,0.0,0.0,0.0,0.0,0.0,0.13,0.01,0.14,0.13,0.14
Real Sociedad,Luka Sučić,CRO,MF,22,17,15,1262,14.0,1,1,2,1,0,0,2,0,1.9,1.9,1.6,3.5,20,60,35,0.07,0.07,0.14,0.07,0.14,0.14,0.11,0.25,0.14,0.25
Real Sociedad,Brais Méndez,ESP,MF,28,19,14,1224,13.6,2,1,3,2,0,0,4,0,2.4,2.4,1.7,4.1,23,71,72,0.15,0.07,0.22,0.15,0.22,0.18,0.13,0.3,0.18,0.3
Real Sociedad,Javi López,ESP,DF,22,16,11,1051,11.7,0,0,0,0,0,0,2,0,0.1,0.1,0.4,0.5,23,40,33,0.0,0.0,0.0,0.0,0.0,0.01,0.03,0.04,0.01,0.04
Real Sociedad,Ander Barrenetxea,ESP,"MF,FW",23,18,8,776,8.6,1,2,3,1,0,0,4,0,1.4,1.4,1.1,2.5,30,32,105,0.12,0.23,0.35,0.12,0.35,0.16,0.13,0.29,0.16,0.29
Real Sociedad,Sheraldo Becker,SUR,"FW,MF",29,17,8,762,8.5,1,1,2,1,0,0,1,0,1.6,1.6,2.0,3.6,36,21,83,0.12,0.12,0.24,0.12,0.24,0.19,0.23,0.42,0.19,0.42
Real Sociedad,Beñat Turrientes,ESP,MF,23,13,8,606,6.7,0,0,0,0,0,0,4,0,0.4,0.4,0.1,0.5,13,29,26,0.0,0.0,0.0,0.0,0.0,0.06,0.01,0.08,0.06,0.08
Real Sociedad,Jon Pacheco,ESP,DF,24,11,7,629,7.0,0,0,0,0,0,0,3,0,0.1,0.1,0.0,0.1,11,20,0,0.0,0.0,0.0,0.0,0.0,0.01,0.0,0.01,0.01,0.01
Real Sociedad,Aihen Muñoz,ESP,DF,27,12,7,539,6.0,0,0,0,0,0,0,3,0,0.1,0.1,0.1,0.2,14,21,8,0.0,0.0,0.0,0.0,0.0,0.01,0.02,0.03,0.01,0.03
Real Sociedad,Aritz Elustondo,ESP,DF,30,9,5,457,5.1,0,0,0,0,0,0,0,0,0.3,0.3,0.1,0.5,8,17,3,0.0,0.0,0.0,0.0,0.0,0.07,0.02,0.09,0.07,0.09
Real Sociedad,Orri Steinn Óskarsson,ISL,FW,20,15,4,501,5.6,3,0,3,3,0,0,0,0,4.7,4.7,0.1,4.8,4,7,35,0.54,0.0,0.54,0.54,0.54,0.85,0.02,0.87,0.85,0.87
Real Sociedad,Hamari Traoré,MLI,DF,33,4,4,311,3.5,0,1,1,0,0,0,0,0,0.0,0.0,0.2,0.2,4,11,7,0.0,0.29,0.29,0.0,0.29,0.0,0.05,0.05,0.0,0.05
Real Sociedad,Olasagasti,ESP,MF,24,11,2,363,4.0,0,0,0,0,0,0,1,0,0.6,0.6,0.3,0.8,4,22,19,0.0,0.0,0.0,0.0,0.0,0.14,0.07,0.21,0.14,0.21
Real Sociedad,Umar Sadiq,NGA,FW,28,7,2,227,2.5,0,0,0,0,0,0,1,0,0.2,0.2,0.2,0.4,5,5,18,0.0,0.0,0.0,0.0,0.0,0.09,0.06,0.15,0.09,0.15
Real Sociedad,Urko González,ESP,MF,23,1,1,45,0.5,0,0,0,0,0,0,1,0,0.0,0.0,0.0,0.0,0,1,0,0.0,0.0,0.0,0.0,0.0,0.0,0.0,0.0,0.0,0.0
Real Sociedad,Jon Martin,ESP,DF,19,3,0,135,1.5,0,0,0,0,0,0,1,0,0.1,0.1,0.0,0.1,0,5,0,0.0,0.0,0.0,0.0,0.0,0.1,0.0,0.1,0.1,0.1
Real Sociedad,Pablo Marín,ESP,MF,21,7,0,104,1.2,0,0,0,0,0,0,0,0,0.0,0.0,0.2,0.3,1,5,13,0.0,0.0,0.0,0.0,0.0,0.01,0.21,0.22,0.01,0.22
Real Sociedad,Álvaro Odriozola,ESP,DF,29,2,0,43,0.5,0,0,0,0,0,0,1,0,0.0,0.0,0.0,0.0,0,3,0,0.0,0.0,0.0,0.0,0.0,0.0,0.0,0.0,0.0,0.0
Real Sociedad,Arsen Zakharyan,RUS,FW,21,1,0,13,0.1,0,0,0,0,0,0,0,0,0.0,0.0,0.0,0.0,0,2,3,0.0,0.0,0.0,0.0,0.0,0.0,0.0,0.0,0.0,0.0
Real Sociedad,Jon Magunazelaia,ESP,MF,24,2,0,7,0.1,0,0,0,0,0,0,0,0,0.0,0.0,0.0,0.0,0,1,0,0.0,0.0,0.0,0.0,0.0,0.0,0.0,0.0,0.0,0.0
Real Sociedad,Egoitz Arana,ESP,GK,22,0,0,0,0.0,0,0,0,0,0,0,0,0,0.0,0.0,0.0,0.0,0,0,0,0.0,0.0,0.0,0.0,0.0,0.0,0.0,0.0,0.0,0.0
Real Sociedad,Aitor Fraga,ESP,GK,21,0,0,0,0.0,0,0,0,0,0,0,0,0,0.0,0.0,0.0,0.0,0,0,0,0.0,0.0,0.0,0.0,0.0,0.0,0.0,0.0,0.0,0.0
Real Sociedad,Arkaitz Mariezkurrena,ESP,FW,19,0,0,0,0.0,0,0,0,0,0,0,0,0,0.0,0.0,0.0,0.0,0,0,0,0.0,0.0,0.0,0.0,0.0,0.0,0.0,0.0,0.0,0.0
Real Sociedad,Unai Marrero,ESP,GK,23,0,0,0,0.0,0,0,0,0,0,0,0,0,0.0,0.0,0.0,0.0,0,0,0,0.0,0.0,0.0,0.0,0.0,0.0,0.0,0.0,0.0,0.0
Real Sociedad,Iñaki Rupérez,ESP,DF,22,0,0,0,0.0,0,0,0,0,0,0,0,0,0.0,0.0,0.0,0.0,0,0,0,0.0,0.0,0.0,0.0,0.0,0.0,0.0,0.0,0.0,0.0
Sevilla,Carmona,ESP,DF,23,21,21,1840,20.4,0,0,0,0,0,0,5,0,0.3,0.3,1.3,1.6,20,70,23,0.0,0.0,0.0,0.0,0.0,0.02,0.06,0.08,0.02,0.08
Sevilla,Dodi Lukebakio,BEL,FW,27,22,21,1808,20.1,9,0,9,8,1,1,2,0,6.9,6.1,1.8,7.9,88,49,138,0.45,0.0,0.45,0.4,0.4,0.34,0.09,0.43,0.3,0.39
Sevilla,Nemanja Gudelj,SRB,"DF,MF",33,20,19,1709,19.0,0,1,1,0,0,0,4,0,0.4,0.4,0.6,1.0,10,45,5,0.0,0.05,0.05,0.0,0.05,0.02,0.03,0.05,0.02,0.05
Sevilla,Loïc Bade,FRA,DF,24,18,17,1551,17.2,1,1,2,1,0,0,4,0,0.4,0.4,0.6,1.0,6,32,3,0.06,0.06,0.12,0.06,0.12,0.02,0.03,0.06,0.02,0.06
Sevilla,Isaac Romero,ESP,FW,24,18,17,1400,15.6,2,2,4,2,0,1,6,0,4.5,3.7,1.7,5.4,15,17,70,0.13,0.13,0.26,0.13,0.26,0.29,0.11,0.4,0.24,0.35
Sevilla,Ørjan Nyland,NOR,GK,34,15,15,1323,14.7,0,0,0,0,0,0,1,0,0.0,0.0,0.2,0.2,0,1,0,0.0,0.0,0.0,0.0,0.0,0.0,0.01,0.01,0.0,0.01
Sevilla,Adrià Pedrosa,ESP,DF,26,16,14,1165,12.9,1,1,2,1,0,0,5,0,0.3,0.3,0.6,0.9,16,37,50,0.08,0.08,0.15,0.08,0.15,0.03,0.04,0.07,0.03,0.07
Sevilla,Albert Sambi Lokonga,BEL,MF,25,15,12,1117,12.4,0,2,2,0,0,0,3,0,0.3,0.3,0.5,0.8,19,68,14,0.0,0.16,0.16,0.0,0.16,0.03,0.04,0.07,0.03,0.07
Sevilla,Djibril Sow,SUI,MF,28,17,12,1093,12.1,1,1,2,1,0,0,4,0,1.8,1.8,0.6,2.3,13,66,31,0.08,0.08,0.16,0.08,0.16,0.15,0.05,0.19,0.15,0.19
Sevilla,Lucien Agoume,FRA,MF,22,20,12,1027,11.4,0,0,0,0,0,0,3,1,0.2,0.2,0.6,0.8,13,53,13,0.0,0.0,0.0,0.0,0.0,0.02,0.05,0.07,0.02,0.07
Sevilla,Kike Salas,ESP,DF,22,16,10,935,10.4,0,2,2,0,0,0,3,0,0.2,0.2,0.5,0.7,5,32,12,0.0,0.19,0.19,0.0,0.19,0.02,0.05,0.07,0.02,0.07
Sevilla,Peque,ESP,"FW,MF",22,16,10,785,8.7,0,1,1,0,0,0,1,0,1.4,1.4,1.2,2.6,9,22,27,0.0,0.11,0.11,0.0,0.11,0.16,0.13,0.29,0.16,0.29
Sevilla,Saúl Ñíguez,ESP,MF,30,11,9,810,9.0,1,4,5,1,0,0,4,1,2.0,2.0,1.7,3.7,7,36,26,0.11,0.44,0.56,0.11,0.56,0.22,0.19,0.41,0.22,0.41
Sevilla,Juanlu Sánchez,ESP,"MF,DF",21,17,8,755,8.4,2,2,4,2,0,0,4,1,1.3,1.3,0.8,2.1,15,25,30,0.24,0.24,0.48,0.24,0.48,0.16,0.09,0.25,0.16,0.25
Sevilla,Álvaro Fernández,ESP,GK,26,8,7,657,7.3,0,0,0,0,0,0,2,0,0.0,0.0,0.1,0.1,0,0,0,0.0,0.0,0.0,0.0,0.0,0.0,0.02,0.02,0.0,0.02
Sevilla,Chidera Ejuke,NGA,"FW,MF",27,12,6,596,6.6,1,0,1,1,0,0,0,0,0.8,0.8,1.3,2.0,56,25,66,0.15,0.0,0.15,0.15,0.15,0.12,0.19,0.31,0.12,0.31
Sevilla,Tanguy Nianzou,FRA,DF,22,6,6,518,5.8,0,0,0,0,0,0,3,1,0.2,0.2,0.0,0.2,4,10,0,0.0,0.0,0.0,0.0,0.0,0.03,0.0,0.03,0.03,0.03
Sevilla,Marcão,BRA,DF,28,10,5,458,5.1,0,0,0,0,0,0,5,1,0.0,0.0,0.0,0.0,0,17,0,0.0,0.0,0.0,0.0,0.0,0.0,0.0,0.0,0.0,0.0
Sevilla,Kelechi Iheanacho,NGA,FW,28,9,5,400,4.4,0,0,0,0,0,0,0,0,1.5,1.5,0.3,1.8,6,5,17,0.0,0.0,0.0,0.0,0.0,0.33,0.07,0.41,0.33,0.41
Sevilla,Jesús Navas,ESP,"FW,MF",39,15,3,424,4.7,1,0,1,1,0,0,0,0,0.5,0.5,0.5,1.0,13,23,48,0.21,0.0,0.21,0.21,0.21,0.11,0.11,0.22,0.11,0.22
Sevilla,Valentín Barco,ARG,"DF,FW",20,7,3,288,3.2,0,0,0,0,0,0,0,0,0.3,0.3,0.6,0.9,4,13,13,0.0,0.0,0.0,0.0,0.0,0.09,0.2,0.28,0.09,0.28
Sevilla,Ruben Vargas,SUI,FW,26,4,3,249,2.8,0,0,0,0,0,0,0,0,0.5,0.5,0.5,1.0,14,6,24,0.0,0.0,0.0,0.0,0.0,0.18,0.17,0.35,0.18,0.35
Sevilla,Stanis Idumbo,BEL,"FW,MF",19,8,3,232,2.6,1,0,1,1,0,0,0,0,0.6,0.6,0.6,1.3,8,3,16,0.39,0.0,0.39,0.39,0.39,0.23,0.25,0.49,0.23,0.49
Sevilla,Lucas Ocampos,ARG,FW,30,2,2,175,1.9,0,1,1,0,0,0,0,0,0.2,0.2,0.3,0.5,5,7,20,0.0,0.51,0.51,0.0,0.51,0.08,0.17,0.25,0.08,0.25
Sevilla,Gonzalo Montiel,ARG,"DF,MF",28,6,1,113,1.3,0,0,0,0,0,0,1,0,0.0,0.0,0.0,0.0,3,2,3,0.0,0.0,0.0,0.0,0.0,0.02,0.0,0.02,0.02,0.02
Sevilla,Manu Bueno,ESP,MF,20,2,1,74,0.8,1,0,1,1,0,0,0,0,0.1,0.1,0.0,0.1,0,0,3,1.22,0.0,1.22,1.22,1.22,0.14,0.0,0.14,0.14,0.14
Sevilla,Suso,ESP,"FW,MF",31,6,0,142,1.6,0,0,0,0,0,0,0,0,0.2,0.2,0.3,0.5,6,11,12,0.0,0.0,0.0,0.0,0.0,0.14,0.16,0.3,0.14,0.3
Sevilla,Álvaro Pascual,ESP,FW,23,2,0,62,0.7,0,0,0,0,0,0,1,0,0.0,0.0,0.0,0.0,1,0,2,0.0,0.0,0.0,0.0,0.0,0.0,0.0,0.0,0.0,0.0
Sevilla,Israel Domínguez,ESP,FW,21,1,0,18,0.2,0,0,0,0,0,0,0,0,0.0,0.0,0.0,0.0,0,0,0,0.0,0.0,0.0,0.0,0.0,0.0,0.0,0.0,0.0,0.0
Sevilla,Leandro Antonetti,PUR,FW,22,1,0,11,0.1,0,0,0,0,0,0,0,0,0.0,0.0,0.0,0.0,0,0,1,0.0,0.0,0.0,0.0,0.0,0.0,0.22,0.22,0.0,0.22
Sevilla,Mateo Mejía,ESP,FW,21,1,0,11,0.1,0,0,0,0,0,0,0,0,0.0,0.0,0.0,0.0,0,0,0,0.0,0.0,0.0,0.0,0.0,0.0,0.0,0.0,0.0,0.0
Sevilla,Akor Adams,NGA,FW,25,1,0,10,0.1,0,0,0,0,0,0,0,0,0.0,0.0,0.0,0.0,0,1,1,0.0,0.0,0.0,0.0,0.0,0.0,0.0,0.0,0.0,0.0
Sevilla,Darío Fuentes,ESP,DF,22,1,0,5,0.1,0,0,0,0,0,0,1,0,0.0,0.0,0.0,0.0,0,0,0,0.0,0.0,0.0,0.0,0.0,0.0,0.0,0.0,0.0,0.0
Sevilla,Matías Árbol,ESP,GK,22,0,0,0,0.0,0,0,0,0,0,0,0,0,0.0,0.0,0.0,0.0,0,0,0,0.0,0.0,0.0,0.0,0.0,0.0,0.0,0.0,0.0,0.0
Sevilla,Pablo Cruz,ESP,MF,21,0,0,0,0.0,0,0,0,0,0,0,0,0,0.0,0.0,0.0,0.0,0,0,0,0.0,0.0,0.0,0.0,0.0,0.0,0.0,0.0,0.0,0.0
Sevilla,Diego Iturralde,ESP,DF,21,0,0,0,0.0,0,0,0,0,0,0,0,0,0.0,0.0,0.0,0.0,0,0,0,0.0,0.0,0.0,0.0,0.0,0.0,0.0,0.0,0.0,0.0
Sevilla,Alberto López,ESP,GK,21,0,0,0,0.0,0,0,0,0,0,0,0,0,0.0,0.0,0.0,0.0,0,0,0,0.0,0.0,0.0,0.0,0.0,0.0,0.0,0.0,0.0,0.0
Sevilla,Alberto López,ESP,MF,19,0,0,0,0.0,0,0,0,0,0,0,0,0,0.0,0.0,0.0,0.0,0,0,0,0.0,0.0,0.0,0.0,0.0,0.0,0.0,0.0,0.0,0.0
Sevilla,Ramón Martínez,ESP,DF,22,0,0,0,0.0,0,0,0,0,0,0,0,0,0.0,0.0,0.0,0.0,0,0,0,0.0,0.0,0.0,0.0,0.0,0.0,0.0,0.0,0.0,0.0
Sevilla,Pedro Ortiz,ESP,MF,24,0,0,0,0.0,0,0,0,0,0,0,0,0,0.0,0.0,0.0,0.0,0,0,0,0.0,0.0,0.0,0.0,0.0,0.0,0.0,0.0,0.0,0.0
Sevilla,Rafa,ESP,GK,21,0,0,0,0.0,0,0,0,0,0,0,0,0,0.0,0.0,0.0,0.0,0,0,0,0.0,0.0,0.0,0.0,0.0,0.0,0.0,0.0,0.0,0.0
Celta Vigo,Carl Starfelt,SWE,DF,29,20,18,1626,18.1,1,0,1,1,0,0,5,0,0.3,0.3,0.1,0.4,3,40,1,0.06,0.0,0.06,0.06,0.06,0.02,0.01,0.02,0.02,0.02
Celta Vigo,Vicente Guaita,ESP,GK,38,18,18,1620,18.0,0,0,0,0,0,0,0,0,0.0,0.0,0.0,0.0,0,0,0,0.0,0.0,0.0,0.0,0.0,0.0,0.0,0.0,0.0,0.0
Celta Vigo,Óscar Mingueza,ESP,"MF,DF",25,19,18,1498,16.6,2,5,7,2,0,0,3,1,0.7,0.7,4.3,5.0,44,88,94,0.12,0.3,0.42,0.12,0.42,0.04,0.26,0.3,0.04,0.3
Celta Vigo,Fran Beltrán,ESP,MF,26,18,17,1363,15.1,1,0,1,1,0,0,1,0,0.4,0.4,1.0,1.4,13,78,15,0.07,0.0,0.07,0.07,0.07,0.02,0.07,0.09,0.02,0.09
Celta Vigo,Borja Iglesias,ESP,FW,32,22,15,1197,13.3,5,0,5,5,0,0,0,0,4.7,4.7,1.1,5.8,8,16,54,0.38,0.0,0.38,0.38,0.38,0.36,0.08,0.44,0.36,0.44
Celta Vigo,Marcos Alonso,ESP,DF,34,16,14,1350,15.0,0,0,0,0,0,0,6,1,0.6,0.6,0.3,1.0,27,97,28,0.0,0.0,0.0,0.0,0.0,0.04,0.02,0.06,0.04,0.06
Celta Vigo,Javi Rodríguez,ESP,DF,21,20,13,1347,15.0,1,2,3,1,0,0,5,0,0.4,0.4,0.7,1.1,16,65,23,0.07,0.13,0.2,0.07,0.2,0.03,0.05,0.08,0.03,0.08
Celta Vigo,Hugo Álvarez,ESP,"MF,DF",21,21,13,1297,14.4,4,1,5,4,0,0,5,0,2.3,2.3,0.6,3.0,64,43,128,0.28,0.07,0.35,0.28,0.35,0.16,0.04,0.2,0.16,0.2
Celta Vigo,Iago Aspas,ESP,"FW,MF",37,16,13,1206,13.4,6,3,9,4,2,3,4,1,5.6,3.2,2.8,6.0,38,90,90,0.45,0.22,0.67,0.3,0.52,0.42,0.21,0.63,0.24,0.45
Celta Vigo,Ilaix Moriba,GUI,MF,22,19,13,1170,13.0,0,1,1,0,0,0,7,1,0.5,0.5,1.1,1.6,22,65,33,0.0,0.08,0.08,0.0,0.08,0.04,0.09,0.13,0.04,0.13
Celta Vigo,Jonathan Bamba,CIV,"FW,MF",28,12,10,811,9.0,0,1,1,0,0,0,1,0,0.8,0.8,1.8,2.6,31,30,71,0.0,0.11,0.11,0.0,0.11,0.09,0.2,0.29,0.09,0.29
Celta Vigo,Williot Swedberg,SWE,"FW,MF",21,20,9,849,9.4,2,3,5,2,0,0,1,0,3.9,3.9,1.9,5.8,18,15,71,0.21,0.32,0.53,0.21,0.53,0.41,0.2,0.61,0.41,0.61
Celta Vigo,Hugo Sotelo,ESP,MF,21,14,8,716,8.0,0,0,0,0,0,0,4,0,0.1,0.1,1.0,1.2,14,49,22,0.0,0.0,0.0,0.0,0.0,0.02,0.13,0.15,0.02,0.15
Celta Vigo,Pablo Durán,ESP,"FW,MF",23,12,7,628,7.0,4,1,5,4,0,0,2,0,1.6,1.6,1.0,2.6,14,11,58,0.57,0.14,0.72,0.57,0.72,0.22,0.14,0.37,0.22,0.37
Celta Vigo,Carlos Dominguez,ESP,DF,23,10,7,611,6.8,0,0,0,0,0,0,0,0,0.2,0.2,0.0,0.3,4,39,1,0.0,0.0,0.0,0.0,0.0,0.03,0.01,0.04,0.03,0.04
Celta Vigo,Sergio Carreira,ESP,"MF,DF",24,9,7,588,6.5,0,1,1,0,0,0,0,0,0.1,0.1,1.1,1.2,21,24,54,0.0,0.15,0.15,0.0,0.15,0.01,0.17,0.18,0.01,0.18
Celta Vigo,Javier Manquillo,ESP,DF,30,10,7,515,5.7,0,0,0,0,0,0,1,0,0.0,0.0,0.0,0.0,3,24,5,0.0,0.0,0.0,0.0,0.0,0.0,0.0,0.0,0.0,0.0
Celta Vigo,Anastasios Douvikas,GRE,FW,25,20,6,700,7.8,3,1,4,3,0,0,2,0,4.4,4.4,0.2,4.7,6,6,43,0.39,0.13,0.51,0.39,0.51,0.57,0.03,0.6,0.57,0.6
Celta Vigo,Damián Rodríguez,ESP,MF,21,12,6,655,7.3,0,0,0,0,0,0,2,0,0.0,0.0,0.5,0.6,4,41,5,0.0,0.0,0.0,0.0,0.0,0.0,0.07,0.08,0.0,0.08
Celta Vigo,Jailson Siqueira,BRA,"DF,MF",29,6,5,451,5.0,0,0,0,0,0,0,0,0,0.1,0.1,0.0,0.1,4,30,2,0.0,0.0,0.0,0.0,0.0,0.02,0.0,0.02,0.02,0.02
Celta Vigo,Alfon,ESP,"FW,MF",25,13,4,467,5.2,1,1,2,1,0,0,0,1,2.4,2.4,1.7,4.1,34,10,53,0.19,0.19,0.39,0.19,0.39,0.46,0.32,0.79,0.46,0.79
Celta Vigo,Iván Villar,ESP,GK,27,4,4,360,4.0,0,0,0,0,0,0,0,0,0.0,0.0,0.0,0.0,0,0,0,0.0,0.0,0.0,0.0,0.0,0.0,0.0,0.0,0.0,0.0
Celta Vigo,Franco Cervi,ARG,"FW,MF",30,6,4,258,2.9,0,0,0,0,0,0,1,0,0.0,0.0,0.3,0.3,3,14,21,0.0,0.0,0.0,0.0,0.0,0.0,0.12,0.12,0.0,0.12
Celta Vigo,Mihailo Ristić,SRB,"MF,DF",29,5,3,202,2.2,0,1,1,0,0,0,1,0,0.0,0.0,0.0,0.0,1,4,8,0.0,0.45,0.45,0.0,0.45,0.0,0.01,0.01,0.0,0.01
Celta Vigo,Yoel Lago,ESP,DF,20,2,2,135,1.5,0,0,0,0,0,0,0,0,0.0,0.0,0.0,0.0,0,10,0,0.0,0.0,0.0,0.0,0.0,0.0,0.0,0.0,0.0,0.0
Celta Vigo,Iker Losada,ESP,FW,23,1,0,21,0.2,0,0,0,0,0,0,0,0,0.0,0.0,0.0,0.0,1,0,5,0.0,0.0,0.0,0.0,0.0,0.0,0.0,0.0,0.0,0.0
Celta Vigo,Luca de la Torre,USA,MF,26,1,0,4,0.0,0,0,0,0,0,0,0,0,0.0,0.0,0.0,0.0,0,0,0,0.0,0.0,0.0,0.0,0.0,0.0,0.0,0.0,0.0,0.0
Celta Vigo,Joseph Aidoo,GHA,DF,29,1,0,2,0.0,0,0,0,0,0,0,0,0,0.0,0.0,0.0,0.0,0,1,0,0.0,0.0,0.0,0.0,0.0,0.0,0.0,0.0,0.0,0.0
Celta Vigo,Tadeo Allende,ARG,FW,25,1,0,2,0.0,0,0,0,0,0,0,1,0,0.0,0.0,0.0,0.0,0,0,0,0.0,0.0,0.0,0.0,0.0,0.0,0.0,0.0,0.0,0.0
Celta Vigo,Jonas El-Abdellaoui,NOR,FW,19,0,0,0,0.0,0,0,0,0,0,0,0,0,0.0,0.0,0.0,0.0,0,0,0,0.0,0.0,0.0,0.0,0.0,0.0,0.0,0.0,0.0,0.0
Celta Vigo,Martín Conde,ESP,DF,21,0,0,0,0.0,0,0,0,0,0,0,0,0,0.0,0.0,0.0,0.0,0,0,0,0.0,0.0,0.0,0.0,0.0,0.0,0.0,0.0,0.0,0.0
Celta Vigo,César Fernández,ESP,GK,21,0,0,0,0.0,0,0,0,0,0,0,0,0,0.0,0.0,0.0,0.0,0,0,0,0.0,0.0,0.0,0.0,0.0,0.0,0.0,0.0,0.0,0.0
Celta Vigo,Marc Vidal,ESP,GK,24,0,0,0,0.0,0,0,0,0,0,0,0,0,0.0,0.0,0.0,0.0,0,0,0,0.0,0.0,0.0,0.0,0.0,0.0,0.0,0.0,0.0,0.0
Getafe,David Soria,ESP,GK,31,22,22,1980,22.0,0,0,0,0,0,0,0,0,0.0,0.0,0.0,0.0,0,0,0,0.0,0.0,0.0,0.0,0.0,0.0,0.0,0.0,0.0,0.0
Getafe,Luis Milla,ESP,MF,30,21,21,1866,20.7,1,2,3,0,1,1,3,0,1.5,0.7,1.9,2.6,23,104,21,0.05,0.1,0.14,0.0,0.1,0.07,0.09,0.16,0.03,0.13
Getafe,Omar Alderete,PAR,DF,28,20,20,1783,19.8,0,0,0,0,0,0,5,0,0.6,0.6,0.9,1.5,22,77,4,0.0,0.0,0.0,0.0,0.0,0.03,0.04,0.07,0.03,0.07
Getafe,Djené,TOG,"DF,MF",33,20,20,1622,18.0,0,0,0,0,0,0,8,0,0.3,0.3,0.6,0.8,11,47,11,0.0,0.0,0.0,0.0,0.0,0.01,0.03,0.05,0.01,0.05
Getafe,Diego Rico,ESP,DF,31,20,19,1707,19.0,0,2,2,0,0,0,5,0,0.3,0.3,1.8,2.1,20,86,65,0.0,0.11,0.11,0.0,0.11,0.02,0.1,0.11,0.02,0.11
Getafe,Chrisantus Uche,NGA,"FW,MF",21,22,19,1655,18.4,2,2,4,2,0,0,3,0,3.0,3.0,1.5,4.6,31,31,102,0.11,0.11,0.22,0.11,0.22,0.16,0.08,0.25,0.16,0.25
Getafe,Iglesias,ESP,DF,26,22,18,1697,18.9,0,0,0,0,0,0,3,0,0.4,0.4,1.3,1.8,21,52,41,0.0,0.0,0.0,0.0,0.0,0.02,0.07,0.09,0.02,0.09
Getafe,Mauro Arambarri,URU,MF,29,20,16,1371,15.2,5,0,5,3,2,2,6,0,4.1,2.5,0.3,2.8,8,38,20,0.33,0.0,0.33,0.2,0.2,0.27,0.02,0.29,0.17,0.18
Getafe,Carles Pérez,ESP,"MF,FW",26,19,14,1224,13.6,2,0,2,2,0,0,1,0,2.1,2.1,1.5,3.6,24,16,64,0.15,0.0,0.15,0.15,0.15,0.16,0.11,0.26,0.16,0.26
Getafe,Alex Sola,ESP,"MF,FW",25,19,13,1029,11.4,0,1,1,0,0,0,4,0,1.0,1.0,0.7,1.6,24,23,61,0.0,0.09,0.09,0.0,0.09,0.08,0.06,0.14,0.08,0.14
Getafe,Bertuğ Yıldırım,TUR,FW,22,16,12,924,10.3,1,0,1,1,0,0,7,0,2.4,2.4,0.9,3.2,6,10,36,0.1,0.0,0.1,0.1,0.1,0.23,0.08,0.31,0.23,0.31
Getafe,Juan Berrocal,ESP,DF,25,11,7,704,7.8,0,0,0,0,0,0,6,1,0.2,0.2,0.0,0.2,1,16,1,0.0,0.0,0.0,0.0,0.0,0.03,0.0,0.03,0.03,0.03
Getafe,Domingos Duarte,POR,DF,29,8,7,632,7.0,0,0,0,0,0,0,0,0,0.0,0.0,0.1,0.1,3,19,1,0.0,0.0,0.0,0.0,0.0,0.0,0.01,0.01,0.0,0.01
Getafe,Coba da Costa,ESP,"MF,FW",22,8,7,570,6.3,1,1,2,1,0,0,3,0,0.7,0.7,0.6,1.3,21,7,38,0.16,0.16,0.32,0.16,0.32,0.11,0.09,0.2,0.11,0.2
Getafe,Allan Nyom,CMR,"DF,MF",36,9,7,564,6.3,1,1,2,1,0,0,3,0,0.5,0.5,0.3,0.7,4,17,17,0.16,0.16,0.32,0.16,0.32,0.08,0.04,0.12,0.08,0.12
Getafe,Carles Aleñá,ESP,"MF,FW",27,10,5,452,5.0,0,0,0,0,0,0,1,0,0.9,0.9,0.1,1.0,3,12,10,0.0,0.0,0.0,0.0,0.0,0.18,0.02,0.2,0.18,0.2
Getafe,Álvaro Rodríguez,URU,FW,20,13,4,514,5.7,2,0,2,2,0,0,2,0,0.6,0.6,0.2,0.8,1,7,32,0.35,0.0,0.35,0.35,0.35,0.11,0.04,0.14,0.11,0.14
Getafe,Jesús Santiago,ESP,MF,20,14,4,316,3.5,0,0,0,0,0,0,4,0,0.0,0.0,0.0,0.0,2,11,4,0.0,0.0,0.0,0.0,0.0,0.01,0.0,0.01,0.01,0.01
Getafe,Nabil Aberdin,FRA,MF,22,7,4,263,2.9,0,0,0,0,0,0,1,0,0.0,0.0,0.0,0.1,2,6,2,0.0,0.0,0.0,0.0,0.0,0.01,0.01,0.02,0.01,0.02
Getafe,Peter Federico,DOM,"MF,FW",22,12,1,334,3.7,0,0,0,0,0,0,0,0,0.3,0.3,0.1,0.4,3,5,24,0.0,0.0,0.0,0.0,0.0,0.09,0.02,0.11,0.09,0.11
Getafe,Juanmi,ESP,"MF,FW",31,1,1,89,1.0,0,0,0,0,0,0,0,0,0.6,0.6,0.0,0.6,0,0,4,0.0,0.0,0.0,0.0,0.0,0.56,0.0,0.56,0.56,0.56
Getafe,Abdoulaye Keita,ESP,"FW,MF",22,2,1,82,0.9,0,0,0,0,0,0,0,0,0.0,0.0,0.0,0.0,0,2,3,0.0,0.0,0.0,0.0,0.0,0.05,0.0,0.05,0.05,0.05
Getafe,Borja Mayoral,ESP,FW,27,8,0,231,2.6,2,0,2,1,1,1,0,0,1.6,0.8,0.3,1.1,1,6,11,0.78,0.0,0.78,0.39,0.39,0.62,0.14,0.75,0.31,0.44
Getafe,Alberto Risco,ESP,"MF,FW",19,5,0,69,0.8,0,0,0,0,0,0,0,0,0.2,0.2,0.1,0.3,3,3,6,0.0,0.0,0.0,0.0,0.0,0.22,0.19,0.41,0.22,0.41
Getafe,John Joe,IRL,"MF,FW",21,4,0,48,0.5,0,0,0,0,0,0,1,0,0.1,0.1,0.0,0.1,1,0,6,0.0,0.0,0.0,0.0,0.0,0.26,0.0,0.26,0.26,0.26
Getafe,Gorka Rivera Alonso,ESP,"DF,MF",20,1,0,20,0.2,0,0,0,0,0,0,0,0,0.0,0.0,0.0,0.0,0,1,0,0.0,0.0,0.0,0.0,0.0,0.0,0.0,0.0,0.0,0.0
Getafe,David Argüelles,ESP,MF,23,1,0,7,0.1,0,0,0,0,0,0,0,0,0.0,0.0,0.0,0.0,1,0,0,0.0,0.0,0.0,0.0,0.0,0.0,0.0,0.0,0.0,0.0
Getafe,Ismael Bekhoucha,MAR,MF,20,1,0,1,0.0,0,0,0,0,0,0,1,0,0.0,0.0,0.0,0.0,0,0,0,0.0,0.0,0.0,0.0,0.0,0.0,0.0,0.0,0.0,0.0
Getafe,Jorge Benito,ESP,GK,19,0,0,0,0.0,0,0,0,0,0,0,0,0,0.0,0.0,0.0,0.0,0,0,0,0.0,0.0,0.0,0.0,0.0,0.0,0.0,0.0,0.0,0.0
Getafe,Guillem Cortiñas,ESP,DF,22,0,0,0,0.0,0,0,0,0,0,0,0,0,0.0,0.0,0.0,0.0,0,0,0,0.0,0.0,0.0,0.0,0.0,0.0,0.0,0.0,0.0,0.0
Getafe,Martin Cuellar,ESP,,17,0,0,0,0.0,0,0,0,0,0,0,0,0,0.0,0.0,0.0,0.0,0,0,0,0.0,0.0,0.0,0.0,0.0,0.0,0.0,0.0,0.0,0.0
Getafe,Luca Lohr,ESP,DF,22,0,0,0,0.0,0,0,0,0,0,0,0,0,0.0,0.0,0.0,0.0,0,0,0,0.0,0.0,0.0,0.0,0.0,0.0,0.0,0.0,0.0,0.0
Getafe,Djordjije Medenica,ESP,GK,18,0,0,0,0.0,0,0,0,0,0,0,0,0,0.0,0.0,0.0,0.0,0,0,0,0.0,0.0,0.0,0.0,0.0,0.0,0.0,0.0,0.0,0.0
Las Palmas,Kirian Rodríguez,ESP,MF,28,21,21,1758,19.5,0,3,3,0,0,0,2,0,1.6,1.6,1.5,3.0,25,128,39,0.0,0.15,0.15,0.0,0.15,0.08,0.07,0.16,0.08,0.16
Las Palmas,Jasper Cillessen,NED,GK,35,20,20,1769,19.7,0,0,0,0,0,0,1,0,0.0,0.0,0.0,0.0,0,0,0,0.0,0.0,0.0,0.0,0.0,0.0,0.0,0.0,0.0,0.0
Las Palmas,Alberto Moleiro,ESP,"FW,MF",21,21,19,1609,17.9,4,0,4,4,0,0,3,0,4.1,4.1,2.4,6.5,56,73,116,0.22,0.0,0.22,0.22,0.22,0.23,0.14,0.36,0.23,0.36
Las Palmas,Álex Suárez,ESP,DF,31,19,19,1603,17.8,0,0,0,0,0,0,8,0,0.1,0.1,0.1,0.1,1,32,1,0.0,0.0,0.0,0.0,0.0,0.0,0.0,0.01,0.0,0.01
Las Palmas,Scott McKenna,SCO,DF,28,18,17,1538,17.1,0,0,0,0,0,0,3,0,0.8,0.8,0.2,0.9,4,17,1,0.0,0.0,0.0,0.0,0.0,0.04,0.01,0.06,0.04,0.06
Las Palmas,Javier Muñoz,ESP,"MF,DF",29,22,16,1531,17.0,0,2,2,0,0,0,1,0,0.5,0.5,1.6,2.1,16,65,42,0.0,0.12,0.12,0.0,0.12,0.03,0.09,0.12,0.03,0.12
Las Palmas,Fábio Silva,POR,FW,22,17,16,1293,14.4,7,2,9,6,1,2,7,0,6.6,5.0,0.8,5.8,24,18,85,0.49,0.14,0.63,0.42,0.56,0.46,0.05,0.51,0.35,0.4
Las Palmas,Sandro Ramírez,ESP,"FW,MF",29,18,15,1227,13.6,7,3,10,7,0,0,4,0,2.5,2.5,2.1,4.6,34,27,68,0.51,0.22,0.73,0.51,0.73,0.18,0.16,0.34,0.18,0.34
Las Palmas,Mika Màrmol,ESP,DF,22,16,14,1229,13.7,0,1,1,0,0,0,2,0,0.2,0.2,1.2,1.4,13,51,20,0.0,0.07,0.07,0.0,0.07,0.01,0.09,0.1,0.01,0.1
Las Palmas,Dario Essugo,POR,MF,19,14,14,1101,12.2,1,0,1,1,0,0,7,1,0.3,0.3,0.2,0.6,12,53,6,0.08,0.0,0.08,0.08,0.08,0.03,0.02,0.05,0.03,0.05
Las Palmas,Álex Muñoz,ESP,DF,30,14,12,983,10.9,3,0,3,3,0,0,1,0,0.7,0.7,0.4,1.2,10,34,37,0.27,0.0,0.27,0.27,0.27,0.07,0.04,0.11,0.07,0.11
Las Palmas,Viti,ESP,DF,27,15,10,916,10.2,0,1,1,0,0,0,3,0,0.0,0.0,0.7,0.7,18,21,31,0.0,0.1,0.1,0.0,0.1,0.0,0.06,0.06,0.0,0.06
Las Palmas,José Campaña,ESP,MF,31,13,10,719,8.0,0,2,2,0,0,0,3,0,0.1,0.1,0.6,0.7,4,50,9,0.0,0.25,0.25,0.0,0.25,0.01,0.07,0.08,0.01,0.08
Las Palmas,Oliver McBurnie,SCO,FW,28,18,7,764,8.5,0,3,3,0,0,0,0,0,1.0,1.0,1.6,2.6,3,14,43,0.0,0.35,0.35,0.0,0.35,0.12,0.19,0.31,0.12,0.31
Las Palmas,Juan Herzog,ESP,DF,21,8,7,557,6.2,0,0,0,0,0,0,0,0,0.2,0.2,0.0,0.2,0,11,0,0.0,0.0,0.0,0.0,0.0,0.04,0.0,0.04,0.04,0.04
Las Palmas,Marvin,ESP,"DF,FW",24,10,6,536,6.0,0,0,0,0,0,0,3,0,0.1,0.1,0.6,0.7,17,17,30,0.0,0.0,0.0,0.0,0.0,0.01,0.1,0.11,0.01,0.11
Las Palmas,Manuel Fuster,ESP,"FW,MF",27,16,5,558,6.2,1,0,1,1,0,0,1,0,0.4,0.4,1.0,1.4,10,28,52,0.16,0.0,0.16,0.16,0.16,0.07,0.16,0.23,0.07,0.23
Las Palmas,Jaime Mata,ESP,FW,36,19,3,413,4.6,0,0,0,0,0,0,5,0,1.8,1.8,0.1,2.0,5,5,26,0.0,0.0,0.0,0.0,0.0,0.4,0.03,0.43,0.4,0.43
Las Palmas,Enzo Loiodice,FRA,MF,24,13,3,405,4.5,0,0,0,0,0,0,2,0,0.1,0.1,0.1,0.2,2,16,2,0.0,0.0,0.0,0.0,0.0,0.02,0.02,0.04,0.02,0.04
Las Palmas,Adnan Januzaj,BEL,"MF,FW",30,8,3,315,3.5,2,1,3,2,0,0,3,0,0.5,0.5,0.7,1.2,13,20,30,0.57,0.29,0.86,0.57,0.86,0.15,0.2,0.34,0.15,0.34
Las Palmas,Dinko Horkaš,CRO,GK,25,3,2,211,2.3,0,0,0,0,0,0,1,0,0.0,0.0,0.0,0.0,0,0,0,0.0,0.0,0.0,0.0,0.0,0.0,0.0,0.0,0.0,0.0
Las Palmas,Benito Ramírez,ESP,"DF,MF",29,13,1,320,3.6,0,0,0,0,0,0,2,1,0.2,0.2,0.6,0.8,12,12,46,0.0,0.0,0.0,0.0,0.0,0.05,0.17,0.23,0.05,0.23
Las Palmas,Andy Pelmard,FRA,DF,24,2,1,100,1.1,0,0,0,0,0,0,1,0,0.0,0.0,0.0,0.0,0,5,3,0.0,0.0,0.0,0.0,0.0,0.0,0.0,0.0,0.0,0.0
Las Palmas,Daley Sinkgraven,NED,DF,29,2,1,91,1.0,0,0,0,0,0,0,0,0,0.0,0.0,0.0,0.0,2,3,7,0.0,0.0,0.0,0.0,0.0,0.0,0.02,0.02,0.0,0.02
Las Palmas,Marc Cardona,ESP,"FW,MF",29,7,0,90,1.0,0,0,0,0,0,0,1,0,0.2,0.2,0.0,0.2,2,2,6,0.0,0.0,0.0,0.0,0.0,0.16,0.0,0.16,0.16,0.16
Las Palmas,Fabio González,ESP,MF,27,2,0,53,0.6,0,0,0,0,0,0,0,0,0.1,0.1,0.0,0.1,0,6,0,0.0,0.0,0.0,0.0,0.0,0.12,0.0,0.12,0.12,0.12
Las Palmas,Stefan Bajcetic,ESP,MF,20,1,0,25,0.3,0,0,0,0,0,0,0,0,0.0,0.0,0.0,0.0,0,1,0,0.0,0.0,0.0,0.0,0.0,0.0,0.0,0.0,0.0,0.0
Las Palmas,Pejiño,ESP,FW,28,1,0,16,0.2,0,0,0,0,0,0,0,0,0.0,0.0,0.0,0.0,1,1,2,0.0,0.0,0.0,0.0,0.0,0.17,0.0,0.17,0.17,0.17
Las Palmas,Aboubacar Bassinga,CIV,MF,19,1,0,4,0.0,0,0,0,0,0,0,0,0,0.0,0.0,0.0,0.0,0,0,0,0.0,0.0,0.0,0.0,0.0,0.0,0.0,0.0,0.0,0.0
Las Palmas,Iván Gil,ESP,MF,25,0,0,0,0.0,0,0,0,0,0,0,0,0,0.0,0.0,0.0,0.0,0,0,0,0.0,0.0,0.0,0.0,0.0,0.0,0.0,0.0,0.0,0.0
Las Palmas,Álvaro Killane,ESP,GK,20,0,0,0,0.0,0,0,0,0,0,0,0,0,0.0,0.0,0.0,0.0,0,0,0,0.0,0.0,0.0,0.0,0.0,0.0,0.0,0.0,0.0,0.0
Las Palmas,Valentín Pezzolesi,ESP,DF,17,0,0,0,0.0,0,0,0,0,0,0,0,0,0.0,0.0,0.0,0.0,0,0,0,0.0,0.0,0.0,0.0,0.0,0.0,0.0,0.0,0.0,0.0
Las Palmas,Víctor Puig,ESP,GK,25,0,0,0,0.0,0,0,0,0,0,0,0,0,0.0,0.0,0.0,0.0,0,0,0,0.0,0.0,0.0,0.0,0.0,0.0,0.0,0.0,0.0,0.0
Las Palmas,Sergio Viera,ESP,MF,19,0,0,0,0.0,0,0,0,0,0,0,0,0,0.0,0.0,0.0,0.0,0,0,0,0.0,0.0,0.0,0.0,0.0,0.0,0.0,0.0,0.0,0.0
Leganés,Sergi,ESP,DF,32,22,21,1886,21.0,2,0,2,2,0,0,2,1,1.0,1.0,0.4,1.4,3,47,1,0.1,0.0,0.1,0.1,0.1,0.05,0.02,0.07,0.05,0.07
Leganés,Seydouba Cissé,GUI,MF,23,20,18,1426,15.8,2,0,2,2,0,0,3,0,1.1,1.1,0.3,1.3,15,63,26,0.13,0.0,0.13,0.13,0.13,0.07,0.02,0.08,0.07,0.08
Leganés,Yvan Neyou,CMR,MF,28,18,17,1470,16.3,1,1,2,1,0,0,9,0,0.5,0.5,0.2,0.7,17,55,16,0.06,0.06,0.12,0.06,0.12,0.03,0.01,0.04,0.03,0.04
Leganés,Marko Dmitrović,SRB,GK,33,16,16,1440,16.0,0,0,0,0,0,0,0,0,0.0,0.0,0.0,0.0,0,0,0,0.0,0.0,0.0,0.0,0.0,0.0,0.0,0.0,0.0,0.0
Leganés,Valentin Rosier,FRA,DF,28,19,15,1453,16.1,0,1,1,0,0,0,5,0,0.2,0.2,0.5,0.7,19,25,40,0.0,0.06,0.06,0.0,0.06,0.01,0.03,0.04,0.01,0.04
Leganés,Matija Nastasić,SRB,DF,31,17,15,1389,15.4,1,0,1,1,0,0,2,0,0.1,0.1,0.0,0.1,0,35,0,0.06,0.0,0.06,0.06,0.06,0.0,0.0,0.0,0.0,0.0
Leganés,Miguel,ESP,FW,25,21,15,1364,15.2,1,3,4,0,1,2,3,0,4.0,2.4,1.4,3.8,12,13,69,0.07,0.2,0.26,0.0,0.2,0.27,0.09,0.36,0.16,0.25
Leganés,Juan Cruz,ESP,"FW,DF",24,21,15,1345,14.9,4,1,5,4,0,0,1,0,1.5,1.5,1.6,3.1,38,39,83,0.27,0.07,0.33,0.27,0.33,0.1,0.1,0.2,0.1,0.2
Leganés,Javi Hernández,ESP,DF,26,17,14,1216,13.5,0,1,1,0,0,0,2,0,0.2,0.2,0.9,1.2,20,31,47,0.0,0.07,0.07,0.0,0.07,0.02,0.07,0.09,0.02,0.09
Leganés,Renato Tapia,PER,"MF,DF",29,19,13,1159,12.9,1,0,1,1,0,0,4,0,0.3,0.3,0.1,0.4,10,31,11,0.08,0.0,0.08,0.08,0.08,0.03,0.0,0.03,0.03,0.03
Leganés,Adrià Altimira,ESP,"DF,FW",23,13,11,929,10.3,0,0,0,0,0,0,3,0,0.1,0.1,0.0,0.1,14,21,26,0.0,0.0,0.0,0.0,0.0,0.01,0.0,0.01,0.01,0.01
Leganés,Darko Brašanac,SRB,MF,32,19,10,1109,12.3,1,2,3,1,0,0,1,0,1.5,1.5,0.2,1.7,3,29,32,0.08,0.16,0.24,0.08,0.24,0.12,0.02,0.14,0.12,0.14
Leganés,Dani Raba,ESP,"MF,FW",29,14,10,765,8.5,1,4,5,0,1,2,2,0,2.0,0.5,2.2,2.7,21,22,40,0.12,0.47,0.59,0.0,0.47,0.24,0.26,0.5,0.05,0.31
Leganés,Óscar Rodríguez Arnaiz,ESP,MF,26,15,9,768,8.5,1,3,4,1,0,0,3,1,1.0,1.0,1.0,2.0,12,29,28,0.12,0.35,0.47,0.12,0.47,0.12,0.12,0.24,0.12,0.24
Leganés,Jorge Sáenz,ESP,DF,28,12,9,760,8.4,1,0,1,1,0,0,2,1,0.4,0.4,0.1,0.5,3,12,0,0.12,0.0,0.12,0.12,0.12,0.05,0.01,0.06,0.05,0.06
Leganés,Enric Franquesa,ESP,"DF,FW",27,12,7,616,6.8,1,0,1,1,0,0,1,0,0.3,0.3,0.1,0.4,11,12,30,0.15,0.0,0.15,0.15,0.15,0.04,0.02,0.06,0.04,0.06
Leganés,Juan Soriano,ESP,GK,27,6,6,540,6.0,0,0,0,0,0,0,1,1,0.0,0.0,0.0,0.0,0,0,0,0.0,0.0,0.0,0.0,0.0,0.0,0.0,0.0,0.0,0.0
Leganés,Munir El Haddadi,MAR,"FW,MF",29,13,6,483,5.4,1,0,1,1,0,0,1,0,0.5,0.5,0.6,1.1,4,12,21,0.19,0.0,0.19,0.19,0.19,0.09,0.11,0.2,0.09,0.2
Leganés,Sébastien Haller,CIV,FW,30,8,5,404,4.5,0,0,0,0,0,0,0,0,0.4,0.4,0.2,0.6,3,4,14,0.0,0.0,0.0,0.0,0.0,0.09,0.05,0.13,0.09,0.13
Leganés,Diego,ESP,"FW,MF",24,13,4,423,4.7,1,0,1,1,0,0,0,0,1.3,1.3,0.2,1.6,6,9,21,0.21,0.0,0.21,0.21,0.21,0.29,0.04,0.33,0.29,0.33
Leganés,Roberto López,ESP,MF,24,11,3,375,4.2,0,1,1,0,0,0,0,0,0.5,0.5,0.8,1.3,3,20,11,0.0,0.24,0.24,0.0,0.24,0.11,0.19,0.3,0.11,0.3
Leganés,Aritz Arambarri,ESP,DF,27,2,2,177,2.0,0,0,0,0,0,0,0,0,0.0,0.0,0.0,0.0,0,2,0,0.0,0.0,0.0,0.0,0.0,0.01,0.0,0.01,0.01,0.01
Leganés,Julián Chicco,ARG,MF,27,8,1,190,2.1,0,0,0,0,0,0,0,0,0.4,0.4,0.1,0.5,6,14,4,0.0,0.0,0.0,0.0,0.0,0.21,0.04,0.24,0.21,0.24
Leganés,Álvaro Abajas,ESP,GK,21,0,0,0,0.0,0,0,0,0,0,0,0,0,0.0,0.0,0.0,0.0,0,0,0,0.0,0.0,0.0,0.0,0.0,0.0,0.0,0.0,0.0,0.0
Leganés,Lalo Aguilar,ESP,DF,22,0,0,0,0.0,0,0,0,0,0,0,0,0,0.0,0.0,0.0,0.0,0,0,0,0.0,0.0,0.0,0.0,0.0,0.0,0.0,0.0,0.0,0.0
Leganés,Iker Bachiller,ESP,DF,22,0,0,0,0.0,0,0,0,0,0,0,0,0,0.0,0.0,0.0,0.0,0,0,0,0.0,0.0,0.0,0.0,0.0,0.0,0.0,0.0,0.0,0.0
Leganés,Naim García,ESP,MF,22,0,0,0,0.0,0,0,0,0,0,0,0,0,0.0,0.0,0.0,0.0,0,0,0,0.0,0.0,0.0,0.0,0.0,0.0,0.0,0.0,0.0,0.0
Leganés,Álex Gil,ESP,MF,22,0,0,0,0.0,0,0,0,0,0,0,0,0,0.0,0.0,0.0,0.0,0,0,0,0.0,0.0,0.0,0.0,0.0,0.0,0.0,0.0,0.0,0.0
Leganés,Carlos Guirao,ESP,MF,21,0,0,0,0.0,0,0,0,0,0,0,0,0,0.0,0.0,0.0,0.0,0,0,0,0.0,0.0,0.0,0.0,0.0,0.0,0.0,0.0,0.0,0.0
Leganés,Jackson Porozo,ECU,DF,24,0,0,0,0.0,0,0,0,0,0,0,0,0,0.0,0.0,0.0,0.0,0,0,0,0.0,0.0,0.0,0.0,0.0,0.0,0.0,0.0,0.0,0.0
Leganés,Guillermo Ruiz,ESP,GK,21,0,0,0,0.0,0,0,0,0,0,0,0,0,0.0,0.0,0.0,0.0,0,0,0,0.0,0.0,0.0,0.0,0.0,0.0,0.0,0.0,0.0,0.0
Leganés,João Urbáez,DOM,DF,22,0,0,0,0.0,0,0,0,0,0,0,0,0,0.0,0.0,0.0,0.0,0,0,0,0.0,0.0,0.0,0.0,0.0,0.0,0.0,0.0,0.0,0.0
Espanyol,Joan García,ESP,GK,23,22,22,1980,22.0,0,0,0,0,0,0,2,0,0.1,0.1,0.0,0.1,0,1,0,0.0,0.0,0.0,0.0,0.0,0.0,0.0,0.0,0.0,0.0
Espanyol,Alex Král,CZE,MF,26,22,21,1923,21.4,0,1,1,0,0,0,1,0,0.8,0.8,1.5,2.2,35,62,53,0.0,0.05,0.05,0.0,0.05,0.04,0.07,0.1,0.04,0.1
Espanyol,Omar El Hilali,MAR,DF,21,21,21,1838,20.4,0,2,2,0,0,0,8,0,0.0,0.0,0.6,0.6,22,61,27,0.0,0.1,0.1,0.0,0.1,0.0,0.03,0.03,0.0,0.03
Espanyol,Javi Puado,ESP,"FW,MF",26,20,20,1716,19.1,7,1,8,6,1,1,4,0,5.6,4.8,0.9,5.7,37,39,60,0.37,0.05,0.42,0.31,0.37,0.29,0.05,0.34,0.25,0.3
Espanyol,Marash Kumbulla,ALB,DF,24,20,19,1642,18.2,2,0,2,2,0,0,6,0,1.0,1.0,0.0,1.1,9,45,1,0.11,0.0,0.11,0.11,0.11,0.06,0.0,0.06,0.06,0.06
Espanyol,Leandro Cabrera,URU,DF,33,18,17,1530,17.0,2,1,3,2,0,0,2,0,0.6,0.6,0.4,1.0,6,46,3,0.12,0.06,0.18,0.12,0.18,0.04,0.02,0.06,0.04,0.06
Espanyol,Jofre,ESP,"MF,FW",23,21,17,1365,15.2,2,3,5,2,0,0,5,0,2.2,2.2,1.6,3.8,37,31,87,0.13,0.2,0.33,0.13,0.33,0.14,0.1,0.25,0.14,0.25
Espanyol,Pol Lozano,ESP,MF,25,17,15,1196,13.3,0,0,0,0,0,0,7,0,0.0,0.0,0.4,0.5,9,69,8,0.0,0.0,0.0,0.0,0.0,0.0,0.03,0.03,0.0,0.03
Espanyol,Carlos Romero,ESP,"DF,MF",23,19,13,1213,13.5,2,1,3,2,0,0,5,0,1.2,1.2,0.9,2.1,28,35,54,0.15,0.07,0.22,0.15,0.22,0.09,0.07,0.16,0.09,0.16
Espanyol,Álvaro Tejero,ESP,"MF,DF",28,20,13,1087,12.1,1,3,4,1,0,0,2,0,0.6,0.6,2.5,3.1,23,36,62,0.08,0.25,0.33,0.08,0.33,0.05,0.21,0.26,0.05,0.26
Espanyol,Brian Oliván,ESP,DF,30,17,12,1017,11.3,0,1,1,0,0,0,2,0,0.4,0.4,1.1,1.5,21,40,57,0.0,0.09,0.09,0.0,0.09,0.03,0.1,0.13,0.03,0.13
Espanyol,Alejo Véliz,ARG,FW,21,18,10,889,9.9,1,0,1,1,0,0,2,0,1.8,1.8,0.5,2.4,1,6,23,0.1,0.0,0.1,0.1,0.1,0.18,0.05,0.23,0.18,0.23
Espanyol,José Gragera,ESP,MF,24,10,7,569,6.3,0,0,0,0,0,0,0,0,0.0,0.0,0.0,0.1,1,14,3,0.0,0.0,0.0,0.0,0.0,0.01,0.0,0.01,0.01,0.01
Espanyol,Sergi Gómez,ESP,DF,32,11,6,652,7.2,0,0,0,0,0,0,1,0,0.3,0.3,0.0,0.3,0,8,1,0.0,0.0,0.0,0.0,0.0,0.04,0.0,0.04,0.04,0.04
Espanyol,Irvin Cardona,FRA,"FW,MF",27,16,5,606,6.7,1,1,2,1,0,0,1,0,1.1,1.1,0.6,1.7,14,15,43,0.15,0.15,0.3,0.15,0.3,0.16,0.09,0.25,0.16,0.25
Espanyol,Walid Cheddira,MAR,FW,27,16,5,588,6.5,1,1,2,1,0,0,2,0,0.9,0.9,1.2,2.1,7,11,31,0.15,0.15,0.31,0.15,0.31,0.13,0.18,0.32,0.13,0.32
Espanyol,Antoniu,ESP,MF,22,11,5,410,4.6,0,1,1,0,0,0,3,0,0.6,0.6,1.0,1.5,13,11,30,0.0,0.22,0.22,0.0,0.22,0.12,0.21,0.34,0.12,0.34
Espanyol,Álvaro Aguado,ESP,MF,28,10,3,325,3.6,0,0,0,0,0,0,1,0,0.4,0.4,0.0,0.5,8,24,2,0.0,0.0,0.0,0.0,0.0,0.12,0.01,0.14,0.12,0.14
Espanyol,Justin Smith,CAN,MF,22,5,3,209,2.3,0,0,0,0,0,0,0,0,0.0,0.0,0.0,0.0,4,6,7,0.0,0.0,0.0,0.0,0.0,0.0,0.02,0.02,0.0,0.02
Espanyol,Fernando Calero,ESP,"DF,MF",29,7,2,235,2.6,0,0,0,0,0,0,0,0,0.2,0.2,0.0,0.2,0,4,1,0.0,0.0,0.0,0.0,0.0,0.06,0.01,0.07,0.06,0.07
Espanyol,Rafael Bauza,ESP,MF,20,4,2,174,1.9,0,0,0,0,0,0,1,0,0.1,0.1,0.0,0.1,1,7,3,0.0,0.0,0.0,0.0,0.0,0.04,0.0,0.04,0.04,0.04
Espanyol,Roberto Férnandez,ESP,FW,22,3,2,172,1.9,1,0,1,1,0,0,1,0,0.5,0.5,0.1,0.5,4,3,4,0.52,0.0,0.52,0.52,0.52,0.25,0.03,0.28,0.25,0.28
Espanyol,Pere Milla,ESP,"MF,FW",32,8,1,227,2.5,0,0,0,0,0,0,2,0,0.2,0.2,0.1,0.3,4,3,17,0.0,0.0,0.0,0.0,0.0,0.09,0.04,0.13,0.09,0.13
Espanyol,Urko González,ESP,MF,23,2,1,89,1.0,0,0,0,0,0,0,0,0,0.0,0.0,0.0,0.0,1,1,0,0.0,0.0,0.0,0.0,0.0,0.0,0.0,0.0,0.0,0.0
Espanyol,Edu Expósito,ESP,MF,28,4,0,97,1.1,0,0,0,0,0,0,1,0,0.1,0.1,0.3,0.4,3,12,5,0.0,0.0,0.0,0.0,0.0,0.09,0.31,0.39,0.09,0.39
Espanyol,Naci Ünüvar,NED,"MF,DF",21,2,0,31,0.3,0,0,0,0,0,0,0,0,0.0,0.0,0.0,0.1,1,1,4,0.0,0.0,0.0,0.0,0.0,0.14,0.09,0.23,0.14,0.23
Espanyol,Alex Almansa,ESP,FW,21,0,0,0,0.0,0,0,0,0,0,0,0,0,0.0,0.0,0.0,0.0,0,0,0,0.0,0.0,0.0,0.0,0.0,0.0,0.0,0.0,0.0,0.0
Espanyol,Català,ESP,DF,20,0,0,0,0.0,0,0,0,0,0,0,0,0,0.0,0.0,0.0,0.0,0,0,0,0.0,0.0,0.0,0.0,0.0,0.0,0.0,0.0,0.0,0.0
Espanyol,Fortuño,ESP,GK,23,0,0,0,0.0,0,0,0,0,0,0,0,0,0.0,0.0,0.0,0.0,0,0,0,0.0,0.0,0.0,0.0,0.0,0.0,0.0,0.0,0.0,0.0
Espanyol,Fernando Pacheco,ESP,GK,32,0,0,0,0.0,0,0,0,0,0,0,0,0,0.0,0.0,0.0,0.0,0,0,0,0.0,0.0,0.0,0.0,0.0,0.0,0.0,0.0,0.0,0.0
Espanyol,Omar Sadik,MAR,FW,20,0,0,0,0.0,0,0,0,0,0,0,0,0,0.0,0.0,0.0,0.0,0,0,0,0.0,0.0,0.0,0.0,0.0,0.0,0.0,0.0,0.0,0.0
Espanyol,Salvi,ESP,MF,33,0,0,0,0.0,0,0,0,0,0,0,0,0,0.0,0.0,0.0,0.0,0,0,0,0.0,0.0,0.0,0.0,0.0,0.0,0.0,0.0,0.0,0.0
Espanyol,Llorenç Serred,ESP,GK,19,0,0,0,0.0,0,0,0,0,0,0,0,0,0.0,0.0,0.0,0.0,0,0,0,0.0,0.0,0.0,0.0,0.0,0.0,0.0,0.0,0.0,0.0
Espanyol,Pol Tristán,ESP,GK,22,0,0,0,0.0,0,0,0,0,0,0,0,0,0.0,0.0,0.0,0.0,0,0,0,0.0,0.0,0.0,0.0,0.0,0.0,0.0,0.0,0.0,0.0
Alavés,Carlos Vicente,ESP,"FW,MF",25,21,21,1848,20.5,3,3,6,3,0,0,1,0,1.8,1.8,3.4,5.2,62,30,126,0.15,0.15,0.29,0.15,0.29,0.09,0.16,0.25,0.09,0.25
Alavés,Abdel Abqar,MAR,DF,25,20,20,1668,18.5,0,1,1,0,0,0,10,0,0.5,0.5,0.2,0.7,11,59,3,0.0,0.05,0.05,0.0,0.05,0.03,0.01,0.04,0.03,0.04
Alavés,Nahuel Tenaglia,ARG,DF,28,19,19,1651,18.3,1,1,2,1,0,0,7,0,0.6,0.6,0.7,1.3,25,45,55,0.05,0.05,0.11,0.05,0.11,0.03,0.04,0.07,0.03,0.07
Alavés,Antonio Sivera,ESP,GK,28,18,18,1583,17.6,0,0,0,0,0,0,3,0,0.0,0.0,0.1,0.1,0,1,0,0.0,0.0,0.0,0.0,0.0,0.0,0.01,0.01,0.0,0.01
Alavés,Antonio Blanco,ESP,MF,24,20,17,1420,15.8,0,1,1,0,0,0,5,0,0.6,0.6,1.2,1.8,2,73,5,0.0,0.06,0.06,0.0,0.06,0.04,0.08,0.12,0.04,0.12
Alavés,Jon Guridi,ESP,"MF,FW",29,20,17,1361,15.1,2,0,2,1,1,1,4,0,1.6,0.8,0.6,1.4,18,56,54,0.13,0.0,0.13,0.07,0.07,0.11,0.04,0.15,0.05,0.09
Alavés,Manu Sánchez,ESP,DF,24,18,16,1480,16.4,0,0,0,0,0,0,5,0,0.2,0.2,0.3,0.5,29,46,48,0.0,0.0,0.0,0.0,0.0,0.01,0.02,0.03,0.01,0.03
Alavés,Kiké,ESP,FW,35,21,15,1362,15.1,9,0,9,7,2,2,5,1,5.2,3.6,0.7,4.4,12,30,68,0.59,0.0,0.59,0.46,0.46,0.34,0.05,0.39,0.24,0.29
Alavés,Moussa Diarra,MLI,DF,24,17,14,1299,14.4,0,0,0,0,0,0,3,0,0.0,0.0,0.1,0.1,8,51,14,0.0,0.0,0.0,0.0,0.0,0.0,0.0,0.01,0.0,0.01
Alavés,Ander Guevara,ESP,MF,27,20,13,1299,14.4,0,1,1,0,0,0,1,0,0.4,0.4,0.5,0.9,10,73,11,0.0,0.07,0.07,0.0,0.07,0.03,0.04,0.06,0.03,0.06
Alavés,Carlos Martín,ESP,"FW,MF",22,15,9,775,8.6,2,1,3,2,0,0,2,0,1.8,1.8,0.7,2.5,8,14,36,0.23,0.12,0.35,0.23,0.35,0.21,0.08,0.29,0.21,0.29
Alavés,Tomás Conechny,ARG,"FW,MF",26,14,9,701,7.8,1,0,1,1,0,0,4,0,2.3,2.3,0.2,2.5,12,14,53,0.13,0.0,0.13,0.13,0.13,0.29,0.03,0.32,0.29,0.32
Alavés,Santiago Mouriño,URU,DF,22,12,8,724,8.0,0,0,0,0,0,0,1,0,0.2,0.2,0.4,0.6,10,21,0,0.0,0.0,0.0,0.0,0.0,0.02,0.05,0.08,0.02,0.08
Alavés,Stoichkov,ESP,"MF,FW",31,16,6,699,7.8,0,1,1,0,0,0,1,0,1.1,1.1,1.2,2.3,9,26,41,0.0,0.13,0.13,0.0,0.13,0.14,0.15,0.3,0.14,0.3
Alavés,Joan Jordán,ESP,MF,30,12,6,642,7.1,2,2,4,1,1,1,1,0,2.2,1.4,0.5,1.9,4,51,18,0.28,0.28,0.56,0.14,0.42,0.31,0.06,0.37,0.2,0.26
Alavés,Toni Martínez,ESP,FW,27,17,5,561,6.2,3,0,3,3,0,0,0,0,1.7,1.7,0.5,2.2,6,7,30,0.48,0.0,0.48,0.48,0.48,0.27,0.08,0.35,0.27,0.35
Alavés,Pica,ESP,DF,23,7,5,483,5.4,0,0,0,0,0,0,1,0,0.3,0.3,0.0,0.4,3,15,0,0.0,0.0,0.0,0.0,0.0,0.06,0.01,0.07,0.06,0.07
Alavés,Aleksandar Sedlar,SRB,DF,33,7,5,426,4.7,0,0,0,0,0,0,1,1,0.0,0.0,0.0,0.0,1,6,1,0.0,0.0,0.0,0.0,0.0,0.01,0.0,0.01,0.01,0.01
Alavés,Carlos Benavídez,URU,MF,26,9,5,316,3.5,1,1,2,1,0,0,2,0,0.1,0.1,0.6,0.7,3,16,3,0.28,0.28,0.57,0.28,0.57,0.03,0.17,0.21,0.03,0.21
Alavés,Jesús Owono,EQG,GK,23,5,4,397,4.4,0,0,0,0,0,0,0,0,0.0,0.0,0.0,0.0,0,0,0,0.0,0.0,0.0,0.0,0.0,0.0,0.0,0.0,0.0,0.0
Alavés,Abderrahman Rebbach,ALG,"FW,MF",26,8,4,385,4.3,0,0,0,0,0,0,1,0,0.2,0.2,0.3,0.5,16,5,34,0.0,0.0,0.0,0.0,0.0,0.04,0.07,0.11,0.04,0.11
Alavés,Hugo Novoa,ESP,"DF,MF",22,5,2,237,2.6,0,0,0,0,0,0,0,0,0.5,0.5,0.2,0.7,7,2,10,0.0,0.0,0.0,0.0,0.0,0.18,0.07,0.26,0.18,0.26
Alavés,Asier Villalibre,ESP,FW,27,10,2,235,2.6,1,0,1,0,1,1,0,0,1.4,0.6,0.0,0.6,2,4,13,0.38,0.0,0.38,0.0,0.0,0.52,0.0,0.52,0.22,0.22
Alavés,Luka Romero,ARG,"FW,MF",20,6,2,199,2.2,0,0,0,0,0,1,0,0,0.8,0.0,0.2,0.2,3,0,12,0.0,0.0,0.0,0.0,0.0,0.37,0.08,0.45,0.01,0.09
Alavés,Luis Rioja,ESP,FW,31,1,0,23,0.3,0,0,0,0,0,0,0,0,0.0,0.0,0.1,0.1,4,1,3,0.0,0.0,0.0,0.0,0.0,0.0,0.57,0.57,0.0,0.57
Alavés,Pau Cabanes,ESP,FW,19,0,0,0,0.0,0,0,0,0,0,0,0,0,0.0,0.0,0.0,0.0,0,0,0,0.0,0.0,0.0,0.0,0.0,0.0,0.0,0.0,0.0,0.0
Alavés,Daouda Doumbia,MLI,MF,23,0,0,0,0.0,0,0,0,0,0,0,0,0,0.0,0.0,0.0,0.0,0,0,0,0.0,0.0,0.0,0.0,0.0,0.0,0.0,0.0,0.0,0.0
Alavés,Facundo Garcés,ARG,DF,25,0,0,0,0.0,0,0,0,0,0,0,0,0,0.0,0.0,0.0,0.0,0,0,0,0.0,0.0,0.0,0.0,0.0,0.0,0.0,0.0,0.0,0.0
Alavés,Alejandro Jay Agustín,ESP,MF,22,0,0,0,0.0,0,0,0,0,0,0,0,0,0.0,0.0,0.0,0.0,0,0,0,0.0,0.0,0.0,0.0,0.0,0.0,0.0,0.0,0.0,0.0
Alavés,Julen Lartitegi,ESP,FW,21,0,0,0,0.0,0,0,0,0,0,0,0,0,0.0,0.0,0.0,0.0,0,0,0,0.0,0.0,0.0,0.0,0.0,0.0,0.0,0.0,0.0,0.0
Alavés,Egoitz Muñoz,ESP,DF,20,0,0,0,0.0,0,0,0,0,0,0,0,0,0.0,0.0,0.0,0.0,0,0,0,0.0,0.0,0.0,0.0,0.0,0.0,0.0,0.0,0.0,0.0
Alavés,Eneko Ortiz,ESP,MF,21,0,0,0,0.0,0,0,0,0,0,0,0,0,0.0,0.0,0.0,0.0,0,0,0,0.0,0.0,0.0,0.0,0.0,0.0,0.0,0.0,0.0,0.0
Alavés,Joaquín Panichelli,ARG,FW,22,0,0,0,0.0,0,0,0,0,0,0,0,0,0.0,0.0,0.0,0.0,0,0,0,0.0,0.0,0.0,0.0,0.0,0.0,0.0,0.0,0.0,0.0
Alavés,Adrian Rodriguez,ESP,GK,24,0,0,0,0.0,0,0,0,0,0,0,0,0,0.0,0.0,0.0,0.0,0,0,0,0.0,0.0,0.0,0.0,0.0,0.0,0.0,0.0,0.0,0.0
Alavés,Grégoire Swiderski,CAN,GK,19,0,0,0,0.0,0,0,0,0,0,0,0,0,0.0,0.0,0.0,0.0,0,0,0,0.0,0.0,0.0,0.0,0.0,0.0,0.0,0.0,0.0,0.0
Valencia,Cristhian Mosquera,ESP,DF,20,21,21,1879,20.9,0,0,0,0,0,0,5,0,0.2,0.2,0.0,0.2,19,61,3,0.0,0.0,0.0,0.0,0.0,0.01,0.0,0.01,0.01,0.01
Valencia,Luis Rioja,ESP,"MF,FW",31,21,20,1741,19.3,5,1,6,3,2,2,3,0,2.9,1.3,2.5,3.8,53,48,123,0.26,0.05,0.31,0.16,0.21,0.15,0.13,0.28,0.07,0.19
Valencia,Diego López,ESP,"MF,FW",22,22,20,1627,18.1,3,3,6,3,0,0,1,0,2.9,2.9,3.1,5.9,49,47,132,0.17,0.17,0.33,0.17,0.33,0.16,0.17,0.33,0.16,0.33
Valencia,César Tárrega,ESP,DF,22,19,19,1676,18.6,2,0,2,2,0,0,3,0,1.5,1.5,0.0,1.6,17,53,0,0.11,0.0,0.11,0.11,0.11,0.08,0.0,0.08,0.08,0.08
Valencia,Giorgi Mamardashvili,GEO,GK,24,18,18,1620,18.0,0,0,0,0,0,0,1,0,0.0,0.0,0.1,0.1,1,0,0,0.0,0.0,0.0,0.0,0.0,0.0,0.0,0.0,0.0,0.0
Valencia,Hugo Duro,ESP,FW,25,19,18,1539,17.1,7,2,9,7,0,0,3,0,5.8,5.8,1.2,7.0,11,20,48,0.41,0.12,0.53,0.41,0.53,0.34,0.07,0.41,0.34,0.41
Valencia,Javier Guerra,ESP,"MF,FW",22,21,16,1345,14.9,1,2,3,1,0,0,1,0,1.0,1.0,2.0,3.0,23,64,40,0.07,0.13,0.2,0.07,0.2,0.07,0.13,0.2,0.07,0.2
Valencia,Dimitri Foulquier,FRA,DF,31,21,14,1342,14.9,0,0,0,0,0,0,4,0,0.4,0.4,0.3,0.6,25,48,44,0.0,0.0,0.0,0.0,0.0,0.02,0.02,0.04,0.02,0.04
Valencia,José Luis García Vayá,ESP,MF,26,19,13,1210,13.4,1,2,3,0,1,1,7,1,1.1,0.3,1.6,1.9,6,101,14,0.07,0.15,0.22,0.0,0.15,0.08,0.12,0.2,0.02,0.14
Valencia,Enzo Barrenechea,ARG,MF,23,16,13,1074,11.9,1,1,2,1,0,0,4,0,0.7,0.7,0.4,1.1,9,43,8,0.08,0.08,0.17,0.08,0.17,0.06,0.03,0.09,0.06,0.09
Valencia,Domingos André Ribeiro Almeida,POR,"MF,FW",24,19,12,1074,11.9,0,0,0,0,0,0,1,0,0.4,0.4,0.9,1.4,23,75,41,0.0,0.0,0.0,0.0,0.0,0.04,0.08,0.12,0.04,0.12
Valencia,Yarek Gasiorowski,ESP,DF,20,13,9,907,10.1,0,0,0,0,0,0,1,0,1.1,1.1,0.1,1.2,9,37,0,0.0,0.0,0.0,0.0,0.0,0.11,0.01,0.12,0.11,0.12
Valencia,Thierry Correia,POR,DF,25,11,9,768,8.5,0,0,0,0,0,0,1,0,0.3,0.3,0.3,0.6,16,44,48,0.0,0.0,0.0,0.0,0.0,0.04,0.04,0.08,0.04,0.08
Valencia,Jesus Vazquez,ESP,DF,22,13,8,684,7.6,0,0,0,0,0,0,3,0,0.1,0.1,0.2,0.3,25,17,38,0.0,0.0,0.0,0.0,0.0,0.01,0.03,0.05,0.01,0.05
Valencia,José Luis Gayà,ESP,DF,29,9,8,630,7.0,0,1,1,0,0,0,1,0,0.1,0.1,1.1,1.2,14,23,52,0.0,0.14,0.14,0.0,0.14,0.01,0.16,0.17,0.01,0.17
Valencia,Dani Gómez,ESP,FW,26,14,5,532,5.9,2,0,2,2,0,0,0,0,2.7,2.7,0.0,2.7,3,6,24,0.34,0.0,0.34,0.34,0.34,0.46,0.01,0.46,0.46,0.46
Valencia,Hugo Guillamón,ESP,MF,25,11,4,363,4.0,0,0,0,0,0,0,2,0,0.1,0.1,0.0,0.1,0,15,5,0.0,0.0,0.0,0.0,0.0,0.02,0.01,0.03,0.02,0.03
Valencia,Stole Dimitrievski,MKD,GK,31,4,4,360,4.0,0,0,0,0,0,0,1,0,0.0,0.0,0.0,0.0,0,0,0,0.0,0.0,0.0,0.0,0.0,0.0,0.0,0.0,0.0,0.0
Valencia,Rafa Mir,ESP,"MF,FW",27,6,3,300,3.3,0,1,1,0,0,0,2,0,1.1,1.1,0.4,1.5,2,3,4,0.0,0.3,0.3,0.0,0.3,0.34,0.12,0.45,0.34,0.45
Valencia,Francisco Perez,ESP,"FW,MF",22,10,3,261,2.9,0,0,0,0,0,0,0,0,0.1,0.1,1.5,1.6,9,8,33,0.0,0.0,0.0,0.0,0.0,0.04,0.52,0.56,0.04,0.56
Valencia,Sergi Canós,ESP,"MF,FW",28,14,2,342,3.8,0,0,0,0,0,0,3,0,0.5,0.5,0.1,0.6,7,8,43,0.0,0.0,0.0,0.0,0.0,0.13,0.03,0.16,0.13,0.16
Valencia,Germán Valera,ESP,MF,22,8,1,148,1.6,0,0,0,0,0,0,0,0,0.1,0.1,0.0,0.2,1,2,10,0.0,0.0,0.0,0.0,0.0,0.08,0.01,0.09,0.08,0.09
Valencia,Maximiliano Caufriez,BEL,DF,27,1,1,90,1.0,0,0,0,0,0,0,0,0,0.0,0.0,0.0,0.0,0,1,0,0.0,0.0,0.0,0.0,0.0,0.0,0.0,0.0,0.0,0.0
Valencia,Rodrigo Abajas,ESP,DF,21,1,1,65,0.7,0,0,0,0,0,0,1,0,0.1,0.1,0.0,0.1,3,2,3,0.0,0.0,0.0,0.0,0.0,0.1,0.0,0.1,0.1,0.1
Valencia,Martín Tejón,ESP,"MF,DF",20,4,0,49,0.5,0,0,0,0,0,0,0,0,0.1,0.1,0.0,0.1,0,4,6,0.0,0.0,0.0,0.0,0.0,0.16,0.05,0.21,0.16,0.21
Valencia,Umar Sadiq,NGA,FW,28,2,0,47,0.5,0,0,0,0,0,0,1,0,0.0,0.0,0.0,0.0,0,0,3,0.0,0.0,0.0,0.0,0.0,0.0,0.0,0.0,0.0,0.0
Valencia,Max Aarons,ENG,MF,25,1,0,31,0.3,0,0,0,0,0,0,0,0,0.0,0.0,0.0,0.0,0,2,3,0.0,0.0,0.0,0.0,0.0,0.0,0.0,0.0,0.0,0.0
Valencia,Mouctar Diakhaby,GUI,DF,28,2,0,18,0.2,0,0,0,0,0,0,0,0,0.1,0.1,0.0,0.1,0,1,0,0.0,0.0,0.0,0.0,0.0,0.45,0.0,0.45,0.45,0.45
Valencia,Iker Córdoba,ESP,DF,19,2,0,15,0.2,0,0,0,0,0,0,0,0,0.0,0.0,0.1,0.1,0,1,1,0.0,0.0,0.0,0.0,0.0,0.0,0.45,0.45,0.0,0.45
Valencia,David Otorbi,ESP,MF,17,1,0,14,0.2,0,0,0,0,0,0,0,0,0.0,0.0,0.0,0.0,1,0,0,0.0,0.0,0.0,0.0,0.0,0.0,0.0,0.0,0.0,0.0
Valencia,Alberto Marí,ESP,FW,23,1,0,7,0.1,0,0,0,0,0,0,0,0,0.0,0.0,0.0,0.0,0,1,2,0.0,0.0,0.0,0.0,0.0,0.0,0.0,0.0,0.0,0.0
Valencia,Vicent Abril Sanz,ESP,GK,19,0,0,0,0.0,0,0,0,0,0,0,0,0,0.0,0.0,0.0,0.0,0,0,0,0.0,0.0,0.0,0.0,0.0,0.0,0.0,0.0,0.0,0.0
Valencia,Pedro Alemañ,ESP,MF,22,0,0,0,0.0,0,0,0,0,0,0,0,0,0.0,0.0,0.0,0.0,0,0,0,0.0,0.0,0.0,0.0,0.0,0.0,0.0,0.0,0.0,0.0
Valencia,Jaume Doménech,ESP,GK,34,0,0,0,0.0,0,0,0,0,0,0,0,0,0.0,0.0,0.0,0.0,0,0,0,0.0,0.0,0.0,0.0,0.0,0.0,0.0,0.0,0.0,0.0
Valencia,Raúl Jiménez,ESP,GK,18,0,0,0,0.0,0,0,0,0,0,0,0,0,0.0,0.0,0.0,0.0,0,0,0,0.0,0.0,0.0,0.0,0.0,0.0,0.0,0.0,0.0,0.0
Valencia,Ruben Lendinez,ESP,DF,21,0,0,0,0.0,0,0,0,0,0,0,0,0,0.0,0.0,0.0,0.0,0,0,0,0.0,0.0,0.0,0.0,0.0,0.0,0.0,0.0,0.0,0.0
Valencia,Warren Madrigal,CRC,MF,20,0,0,0,0.0,0,0,0,0,0,0,0,0,0.0,0.0,0.0,0.0,0,0,0,0.0,0.0,0.0,0.0,0.0,0.0,0.0,0.0,0.0,0.0
Valencia,Cenk Özkacar,TUR,DF,24,0,0,0,0.0,0,0,0,0,0,0,0,0,0.0,0.0,0.0,0.0,0,0,0,0.0,0.0,0.0,0.0,0.0,0.0,0.0,0.0,0.0,0.0
Valladolid,Karl Jakob Hein,EST,GK,22,22,22,1980,22.0,0,0,0,0,0,0,0,0,0.0,0.0,0.0,0.0,0,0,0,0.0,0.0,0.0,0.0,0.0,0.0,0.0,0.0,0.0,0.0
Valladolid,Lucas Oliveira Rosa,BRA,DF,24,21,21,1890,21.0,0,1,1,0,0,0,6,0,0.9,0.9,2.0,2.8,31,50,74,0.0,0.05,0.05,0.0,0.05,0.04,0.09,0.13,0.04,0.13
Valladolid,Luis Pérez,ESP,DF,30,21,21,1850,20.6,0,0,0,0,0,0,2,0,0.1,0.1,1.6,1.7,27,60,86,0.0,0.0,0.0,0.0,0.0,0.0,0.08,0.08,0.0,0.08
Valladolid,Javi Sánchez,ESP,DF,27,16,16,1332,14.8,1,0,1,1,0,0,3,0,0.2,0.2,0.2,0.4,3,17,4,0.07,0.0,0.07,0.07,0.07,0.01,0.01,0.03,0.01,0.03
Valladolid,Raúl Moro,ESP,"FW,MF",22,19,14,1306,14.5,3,1,4,3,0,0,1,0,1.8,1.8,3.2,5.1,64,50,111,0.21,0.07,0.28,0.21,0.28,0.13,0.22,0.35,0.13,0.35
Valladolid,Kike Pérez,ESP,MF,27,19,14,1191,13.2,2,0,2,2,0,0,6,0,2.1,2.1,1.0,3.1,19,67,28,0.15,0.0,0.15,0.15,0.15,0.16,0.08,0.24,0.16,0.24
Valladolid,Stanko Jurić,CRO,MF,28,19,13,1281,14.2,0,0,0,0,0,0,5,0,0.7,0.7,0.3,1.0,3,44,5,0.0,0.0,0.0,0.0,0.0,0.05,0.02,0.07,0.05,0.07
Valladolid,Eray Cömert,SUI,"DF,MF",27,16,13,1073,11.9,0,0,0,0,0,0,5,0,0.5,0.5,0.0,0.5,6,27,4,0.0,0.0,0.0,0.0,0.0,0.04,0.0,0.04,0.04,0.04
Valladolid,Mario Martín,ESP,MF,20,18,12,1101,12.2,0,1,1,0,0,0,5,2,0.4,0.4,0.8,1.3,10,38,8,0.0,0.08,0.08,0.0,0.08,0.03,0.07,0.1,0.03,0.1
Valladolid,Selim Amallah,MAR,"MF,FW",28,15,12,919,10.2,3,1,4,2,1,1,4,0,2.7,1.9,0.5,2.4,20,32,15,0.29,0.1,0.39,0.2,0.29,0.26,0.05,0.31,0.18,0.23
Valladolid,Anuar,MAR,"FW,MF",30,13,11,956,10.6,2,0,2,2,0,0,4,0,1.1,1.1,0.4,1.5,11,14,26,0.19,0.0,0.19,0.19,0.19,0.1,0.04,0.14,0.1,0.14
Valladolid,Mamadou Sylla,SEN,"FW,MF",30,16,11,911,10.1,2,1,3,0,2,2,1,0,3.2,1.6,1.4,3.0,11,10,32,0.2,0.1,0.3,0.0,0.1,0.31,0.14,0.45,0.16,0.29
Valladolid,David Torres,ESP,DF,21,13,10,1003,11.1,0,0,0,0,0,0,4,0,0.1,0.1,0.0,0.1,8,28,2,0.0,0.0,0.0,0.0,0.0,0.01,0.0,0.01,0.01,0.01
Valladolid,Marcos André,BRA,FW,28,15,10,867,9.6,1,1,2,1,0,0,4,0,2.0,2.0,0.6,2.5,10,9,30,0.1,0.1,0.21,0.1,0.21,0.2,0.06,0.26,0.2,0.26
Valladolid,Juma Bah,SLE,DF,18,12,10,864,9.6,0,0,0,0,0,0,1,0,0.3,0.3,0.0,0.3,0,13,1,0.0,0.0,0.0,0.0,0.0,0.03,0.0,0.03,0.03,0.03
Valladolid,Iván Sánchez,ESP,"MF,FW",32,20,7,819,9.1,1,1,2,1,0,0,4,0,0.3,0.3,1.4,1.7,29,39,49,0.11,0.11,0.22,0.11,0.22,0.03,0.15,0.18,0.03,0.18
Valladolid,Amath,SEN,"FW,DF",28,9,5,316,3.5,0,1,1,0,0,0,1,0,0.4,0.4,0.2,0.6,7,11,21,0.0,0.28,0.28,0.0,0.28,0.1,0.06,0.16,0.1,0.16
Valladolid,Darwin Machís,VEN,"FW,MF",31,7,5,304,3.4,0,0,0,0,0,0,0,0,0.7,0.7,0.1,0.7,5,11,11,0.0,0.0,0.0,0.0,0.0,0.2,0.02,0.22,0.2,0.22
Valladolid,Juanmi Latasa,ESP,FW,23,15,4,556,6.2,0,0,0,0,0,0,4,1,1.1,1.1,0.2,1.3,1,9,19,0.0,0.0,0.0,0.0,0.0,0.17,0.04,0.21,0.17,0.21
Valladolid,Enzo Boyomo,CMR,DF,23,3,3,270,3.0,0,0,0,0,0,0,0,0,0.1,0.1,0.0,0.1,1,7,0,0.0,0.0,0.0,0.0,0.0,0.02,0.0,0.02,0.02,0.02
Valladolid,Cenk Özkacar,TUR,DF,24,4,3,196,2.2,0,0,0,0,0,0,0,0,0.1,0.1,0.0,0.1,1,3,0,0.0,0.0,0.0,0.0,0.0,0.02,0.0,0.02,0.02,0.02
Valladolid,Víctor Meseguer,ESP,MF,25,14,2,418,4.6,0,0,0,0,0,0,1,0,0.7,0.7,0.0,0.7,2,22,22,0.0,0.0,0.0,0.0,0.0,0.15,0.01,0.15,0.15,0.15
Valladolid,Chuky san jose,ESP,"MF,FW",20,6,2,172,1.9,0,0,0,0,0,0,1,0,0.2,0.2,0.1,0.2,1,0,6,0.0,0.0,0.0,0.0,0.0,0.08,0.04,0.12,0.08,0.12
Valladolid,Raúl Chasco,ESP,DF,21,2,1,130,1.4,0,0,0,0,0,0,0,0,0.0,0.0,0.0,0.0,1,3,2,0.0,0.0,0.0,0.0,0.0,0.0,0.02,0.02,0.0,0.02
Valladolid,Tamás Nikitscher,HUN,MF,25,1,0,20,0.2,0,0,0,0,0,0,0,0,0.0,0.0,0.0,0.0,0,1,0,0.0,0.0,0.0,0.0,0.0,0.0,0.0,0.0,0.0,0.0
Valladolid,Mario Maroto,ESP,MF,21,1,0,19,0.2,0,1,1,0,0,0,0,0,0.0,0.0,0.1,0.1,0,1,0,0.0,4.74,4.74,0.0,4.74,0.0,0.32,0.32,0.0,0.32
Valladolid,Kenedy,BRA,"MF,FW",28,2,0,9,0.1,0,0,0,0,0,0,0,0,0.0,0.0,0.0,0.0,1,0,2,0.0,0.0,0.0,0.0,0.0,0.29,0.0,0.29,0.29,0.29
Valladolid,Adrian Baquerin,ESP,FW,17,1,0,3,0.0,0,0,0,0,0,0,0,0,0.0,0.0,0.0,0.0,0,0,0,0.0,0.0,0.0,0.0,0.0,0.0,0.0,0.0,0.0,0.0
Valladolid,Álvaro Aceves,ESP,GK,21,0,0,0,0.0,0,0,0,0,0,0,0,0,0.0,0.0,0.0,0.0,0,0,0,0.0,0.0,0.0,0.0,0.0,0.0,0.0,0.0,0.0,0.0
Valladolid,Joseph Aidoo,GHA,DF,29,0,0,0,0.0,0,0,0,0,0,0,0,0,0.0,0.0,0.0,0.0,0,0,0,0.0,0.0,0.0,0.0,0.0,0.0,0.0,0.0,0.0,0.0
Valladolid,Stipe Biuk,CRO,MF,22,0,0,0,0.0,0,0,0,0,0,0,0,0,0.0,0.0,0.0,0.0,0,0,0,0.0,0.0,0.0,0.0,0.0,0.0,0.0,0.0,0.0,0.0
Valladolid,André Ferreira,POR,GK,28,0,0,0,0.0,0,0,0,0,0,0,0,0,0.0,0.0,0.0,0.0,0,0,0,0.0,0.0,0.0,0.0,0.0,0.0,0.0,0.0,0.0,0.0
Valladolid,Jorge Gonzalez,ESP,DF,19,0,0,0,0.0,0,0,0,0,0,0,0,0,0.0,0.0,0.0,0.0,0,0,0,0.0,0.0,0.0,0.0,0.0,0.0,0.0,0.0,0.0,0.0
Valladolid,César de la Hoz,ESP,MF,32,0,0,0,0.0,0,0,0,0,0,0,0,0,0.0,0.0,0.0,0.0,0,0,0,0.0,0.0,0.0,0.0,0.0,0.0,0.0,0.0,0.0,0.0
Valladolid,Arnau Rafús,ESP,GK,21,0,0,0,0.0,0,0,0,0,0,0,0,0,0.0,0.0,0.0,0.0,0,0,0,0.0,0.0,0.0,0.0,0.0,0.0,0.0,0.0,0.0,0.0
