Index,Team,Player,Nation,Pos,Age,MP,Starts,Min,90s,Gls,Ast,G+A,G-PK,PK,PKatt,CrdY,CrdR,xG,npxG,xAG,npxG+xAG,PrgC,PrgP,PrgR,Gls_per90,Ast_per90,G+A_per90,G-PK_per90,G+A-PK_per90,xG_per90,xAG_per90,xG+xAG_per90,npxG_per90,npxG+xAG_per90
1,Paris S-G,Bradley Barcola,FRA,FW,22.0,20.0,17.0,1316.0,14.6,11.0,4.0,15.0,11.0,0.0,0.0,1.0,0.0,9.8,9.8,6.1,15.8,90.0,46.0,215.0,0.75,0.27,1.03,0.75,1.03,0.67,0.42,1.08,0.67,1.08
2,Paris S-G,Achraf Hakimi,MAR,DF,26.0,16.0,16.0,1388.0,15.4,2.0,5.0,7.0,2.0,0.0,0.0,2.0,0.0,2.1,2.1,5.0,7.1,69.0,111.0,194.0,0.13,0.32,0.45,0.13,0.45,0.14,0.33,0.46,0.14,0.46
3,Paris S-G,Gianluigi Donnarumma,ITA,GK,25.0,16.0,16.0,1371.0,15.2,0.0,0.0,0.0,0.0,0.0,0.0,2.0,0.0,0.0,0.0,0.0,0.0,0.0,0.0,0.0,0.0,0.0,0.0,0.0,0.0,0.0,0.0,0.0,0.0,0.0
4,Paris S-G,Willian Pacho,ECU,DF,23.0,18.0,15.0,1437.0,16.0,0.0,1.0,1.0,0.0,0.0,0.0,2.0,0.0,0.1,0.1,0.1,0.2,3.0,39.0,1.0,0.0,0.06,0.06,0.0,0.06,0.0,0.01,0.01,0.0,0.01
5,Paris S-G,Warren Zaïre-Emery,FRA,"MF,DF",18.0,18.0,15.0,1330.0,14.8,1.0,1.0,2.0,1.0,0.0,0.0,2.0,0.0,0.9,0.9,0.8,1.6,30.0,77.0,57.0,0.07,0.07,0.14,0.07,0.14,0.06,0.05,0.11,0.06,0.11
6,Paris S-G,Vitinha,POR,MF,24.0,17.0,13.0,1265.0,14.1,3.0,0.0,3.0,1.0,2.0,2.0,1.0,0.0,2.6,1.0,1.4,2.4,28.0,136.0,31.0,0.21,0.0,0.21,0.07,0.07,0.18,0.1,0.28,0.07,0.17
7,Paris S-G,Lee Kang-in,KOR,"FW,MF",23.0,20.0,13.0,1197.0,13.3,6.0,4.0,10.0,6.0,0.0,0.0,1.0,0.0,2.8,2.8,4.5,7.3,40.0,104.0,102.0,0.45,0.3,0.75,0.45,0.75,0.21,0.34,0.55,0.21,0.55
8,Paris S-G,João Neves,POR,MF,20.0,16.0,13.0,1118.0,12.4,2.0,7.0,9.0,2.0,0.0,0.0,0.0,0.0,1.9,1.9,3.2,5.0,23.0,93.0,45.0,0.16,0.56,0.72,0.16,0.72,0.15,0.25,0.41,0.15,0.41
9,Paris S-G,Ousmane Dembélé,FRA,FW,27.0,18.0,13.0,1114.0,12.4,14.0,4.0,18.0,13.0,1.0,1.0,1.0,0.0,8.9,8.1,6.0,14.1,87.0,89.0,162.0,1.13,0.32,1.45,1.05,1.37,0.72,0.48,1.2,0.66,1.14
10,Paris S-G,Fabián Ruiz Peña,ESP,MF,28.0,19.0,12.0,1154.0,12.8,2.0,1.0,3.0,2.0,0.0,0.0,0.0,0.0,2.4,2.4,1.9,4.3,29.0,122.0,54.0,0.16,0.08,0.23,0.16,0.23,0.19,0.15,0.33,0.19,0.33
11,Paris S-G,Marquinhos,BRA,DF,30.0,14.0,12.0,1106.0,12.3,0.0,0.0,0.0,0.0,0.0,0.0,3.0,0.0,0.4,0.4,0.6,1.0,21.0,93.0,3.0,0.0,0.0,0.0,0.0,0.0,0.03,0.05,0.08,0.03,0.08
12,Paris S-G,Lucas Beraldo,BRA,DF,21.0,13.0,12.0,1085.0,12.1,1.0,0.0,1.0,1.0,0.0,0.0,5.0,0.0,0.5,0.5,0.2,0.6,7.0,73.0,0.0,0.08,0.0,0.08,0.08,0.08,0.04,0.02,0.05,0.04,0.05
13,Paris S-G,Nuno Mendes,POR,DF,22.0,13.0,12.0,992.0,11.0,0.0,1.0,1.0,0.0,0.0,0.0,1.0,0.0,0.9,0.9,2.2,3.1,38.0,82.0,69.0,0.0,0.09,0.09,0.0,0.09,0.08,0.2,0.28,0.08,0.28
14,Paris S-G,Marco Asensio,ESP,"FW,MF",29.0,12.0,8.0,618.0,6.9,2.0,4.0,6.0,2.0,0.0,0.0,0.0,0.0,5.6,5.6,2.7,8.3,19.0,36.0,49.0,0.29,0.58,0.87,0.29,0.87,0.82,0.39,1.21,0.82,1.21
15,Paris S-G,Désiré Doué,FRA,"FW,MF",19.0,17.0,7.0,826.0,9.2,1.0,3.0,4.0,1.0,0.0,0.0,0.0,0.0,2.1,2.1,3.7,5.8,51.0,56.0,108.0,0.11,0.33,0.44,0.11,0.44,0.23,0.4,0.63,0.23,0.63
16,Paris S-G,Gonçalo Ramos,POR,FW,23.0,9.0,5.0,378.0,4.2,4.0,2.0,6.0,4.0,0.0,0.0,0.0,0.0,4.2,4.2,1.5,5.8,3.0,8.0,23.0,0.95,0.48,1.43,0.95,1.43,1.01,0.37,1.38,1.01,1.38
17,Paris S-G,Matvei Safonov,RUS,GK,25.0,5.0,4.0,429.0,4.8,0.0,0.0,0.0,0.0,0.0,0.0,0.0,0.0,0.0,0.0,0.0,0.0,0.0,0.0,0.0,0.0,0.0,0.0,0.0,0.0,0.0,0.0,0.0,0.0,0.0
18,Paris S-G,Milan Škriniar,SVK,DF,29.0,5.0,4.0,382.0,4.2,0.0,0.0,0.0,0.0,0.0,0.0,1.0,0.0,0.2,0.2,0.1,0.3,3.0,20.0,0.0,0.0,0.0,0.0,0.0,0.0,0.04,0.02,0.06,0.04,0.06
19,Paris S-G,Senny Mayulu,FRA,MF,18.0,11.0,3.0,293.0,3.3,1.0,0.0,1.0,1.0,0.0,0.0,1.0,0.0,2.0,2.0,0.7,2.7,12.0,15.0,29.0,0.31,0.0,0.31,0.31,0.31,0.62,0.22,0.84,0.62,0.84
20,Paris S-G,Lucas Hernández,FRA,DF,28.0,6.0,3.0,257.0,2.9,0.0,0.0,0.0,0.0,0.0,0.0,1.0,0.0,0.0,0.0,0.0,0.0,1.0,11.0,2.0,0.0,0.0,0.0,0.0,0.0,0.0,0.0,0.0,0.0,0.0
21,Paris S-G,Randal Kolo Muani,FRA,FW,26.0,10.0,2.0,358.0,4.0,2.0,1.0,3.0,1.0,1.0,1.0,0.0,0.0,4.7,3.9,0.9,4.7,8.0,5.0,35.0,0.5,0.25,0.75,0.25,0.5,1.17,0.21,1.39,0.98,1.19
22,Paris S-G,Yoram Zague,FRA,DF,18.0,3.0,2.0,160.0,1.8,0.0,0.0,0.0,0.0,0.0,0.0,0.0,0.0,0.1,0.1,0.0,0.1,4.0,8.0,13.0,0.0,0.0,0.0,0.0,0.0,0.03,0.02,0.04,0.03,0.04
23,Paris S-G,Khvicha Kvaratskhelia,GEO,FW,23.0,2.0,2.0,139.0,1.5,0.0,1.0,1.0,0.0,0.0,0.0,0.0,0.0,0.5,0.5,0.2,0.7,7.0,8.0,23.0,0.0,0.65,0.65,0.0,0.65,0.32,0.16,0.47,0.32,0.47
24,Paris S-G,Ibrahim Mbaye,FRA,"FW,MF",17.0,5.0,1.0,87.0,1.0,0.0,0.0,0.0,0.0,0.0,0.0,0.0,0.0,0.3,0.3,0.0,0.3,3.0,3.0,15.0,0.0,0.0,0.0,0.0,0.0,0.27,0.0,0.27,0.27,0.27
25,Paris S-G,Naoufel El Hannach,MAR,DF,18.0,0.0,0.0,0.0,0.0,0.0,0.0,0.0,0.0,0.0,0.0,0.0,0.0,0.0,0.0,0.0,0.0,0.0,0.0,0.0,0.0,0.0,0.0,0.0,0.0,0.0,0.0,0.0,0.0,0.0
26,Paris S-G,Presnel Kimpembe,FRA,DF,29.0,0.0,0.0,0.0,0.0,0.0,0.0,0.0,0.0,0.0,0.0,0.0,0.0,0.0,0.0,0.0,0.0,0.0,0.0,0.0,0.0,0.0,0.0,0.0,0.0,0.0,0.0,0.0,0.0,0.0
27,Paris S-G,Carlos Soler,ESP,MF,28.0,0.0,0.0,0.0,0.0,0.0,0.0,0.0,0.0,0.0,0.0,0.0,0.0,0.0,0.0,0.0,0.0,0.0,0.0,0.0,0.0,0.0,0.0,0.0,0.0,0.0,0.0,0.0,0.0,0.0
28,Paris S-G,Axel Tapé,FRA,MF,17.0,0.0,0.0,0.0,0.0,0.0,0.0,0.0,0.0,0.0,0.0,0.0,0.0,0.0,0.0,0.0,0.0,0.0,0.0,0.0,0.0,0.0,0.0,0.0,0.0,0.0,0.0,0.0,0.0,0.0
29,Paris S-G,Arnau Tenas,ESP,GK,23.0,0.0,0.0,0.0,0.0,0.0,0.0,0.0,0.0,0.0,0.0,0.0,0.0,0.0,0.0,0.0,0.0,0.0,0.0,0.0,0.0,0.0,0.0,0.0,0.0,0.0,0.0,0.0,0.0,0.0
30,Marseille,Gerónimo Rulli,ARG,GK,32.0,20.0,20.0,1800.0,20.0,0.0,0.0,0.0,0.0,0.0,0.0,0.0,0.0,0.0,0.0,0.0,0.0,0.0,0.0,0.0,0.0,0.0,0.0,0.0,0.0,0.0,0.0,0.0,0.0,0.0
31,Marseille,Mason Greenwood,ENG,"FW,MF",23.0,20.0,20.0,1720.0,19.1,13.0,3.0,16.0,9.0,4.0,5.0,1.0,0.0,9.3,5.3,3.9,9.2,79.0,87.0,177.0,0.68,0.16,0.84,0.47,0.63,0.49,0.2,0.69,0.28,0.48
32,Marseille,Pierre Højbjerg,DEN,MF,29.0,19.0,19.0,1705.0,18.9,2.0,1.0,3.0,2.0,0.0,0.0,4.0,0.0,1.6,1.6,1.8,3.5,23.0,153.0,25.0,0.11,0.05,0.16,0.11,0.16,0.09,0.1,0.18,0.09,0.18
33,Marseille,Luis Henrique,BRA,"DF,FW",23.0,20.0,18.0,1565.0,17.4,7.0,4.0,11.0,7.0,0.0,0.0,0.0,0.0,2.7,2.7,2.3,5.0,47.0,79.0,146.0,0.4,0.23,0.63,0.4,0.63,0.16,0.13,0.29,0.16,0.29
34,Marseille,Leonardo Balerdi,ARG,DF,26.0,17.0,17.0,1444.0,16.0,0.0,0.0,0.0,0.0,0.0,0.0,6.0,1.0,0.1,0.1,0.7,0.8,8.0,76.0,3.0,0.0,0.0,0.0,0.0,0.0,0.01,0.04,0.05,0.01,0.05
35,Marseille,Michael Amir Murillo,PAN,DF,28.0,19.0,16.0,1514.0,16.8,0.0,2.0,2.0,0.0,0.0,0.0,1.0,0.0,0.8,0.8,2.0,2.8,19.0,85.0,56.0,0.0,0.12,0.12,0.0,0.12,0.05,0.12,0.17,0.05,0.17
36,Marseille,Adrien Rabiot,FRA,MF,29.0,15.0,13.0,1225.0,13.6,3.0,1.0,4.0,3.0,0.0,0.0,2.0,0.0,2.4,2.4,1.1,3.4,36.0,78.0,81.0,0.22,0.07,0.29,0.22,0.29,0.17,0.08,0.25,0.17,0.25
37,Marseille,Geoffrey Kondogbia,CTA,"DF,MF",31.0,13.0,12.0,1100.0,12.2,0.0,0.0,0.0,0.0,0.0,0.0,1.0,0.0,0.2,0.2,0.1,0.3,7.0,51.0,2.0,0.0,0.0,0.0,0.0,0.0,0.02,0.0,0.02,0.02,0.02
38,Marseille,Neal Maupay,FRA,FW,28.0,15.0,12.0,839.0,9.3,3.0,4.0,7.0,3.0,0.0,0.0,3.0,1.0,3.3,3.3,2.2,5.5,8.0,28.0,58.0,0.32,0.43,0.75,0.32,0.75,0.36,0.23,0.59,0.36,0.59
39,Marseille,Quentin Merlin,FRA,"DF,MF",22.0,13.0,11.0,896.0,10.0,1.0,3.0,4.0,1.0,0.0,0.0,1.0,0.0,0.8,0.8,1.8,2.5,18.0,51.0,92.0,0.1,0.3,0.4,0.1,0.4,0.08,0.18,0.25,0.08,0.25
40,Marseille,Derek Cornelius,CAN,DF,27.0,13.0,10.0,857.0,9.5,0.0,0.0,0.0,0.0,0.0,0.0,6.0,1.0,0.7,0.7,0.1,0.8,5.0,41.0,6.0,0.0,0.0,0.0,0.0,0.0,0.07,0.01,0.08,0.07,0.08
41,Marseille,Valentin Rongier,FRA,"MF,DF",30.0,14.0,9.0,797.0,8.9,2.0,0.0,2.0,2.0,0.0,0.0,3.0,0.0,0.8,0.8,0.4,1.2,15.0,49.0,12.0,0.23,0.0,0.23,0.23,0.23,0.09,0.05,0.14,0.09,0.14
42,Marseille,Lilian Brassier,FRA,DF,25.0,12.0,9.0,779.0,8.7,0.0,0.0,0.0,0.0,0.0,0.0,3.0,0.0,0.2,0.2,0.0,0.3,11.0,40.0,8.0,0.0,0.0,0.0,0.0,0.0,0.03,0.0,0.03,0.03,0.03
43,Marseille,Amine Harit,MAR,MF,27.0,9.0,8.0,472.0,5.2,2.0,3.0,5.0,2.0,0.0,0.0,0.0,1.0,0.7,0.7,1.3,2.0,12.0,33.0,21.0,0.38,0.57,0.95,0.38,0.95,0.14,0.25,0.39,0.14,0.39
44,Marseille,Elye Wahi,FRA,FW,22.0,13.0,7.0,574.0,6.4,3.0,1.0,4.0,2.0,1.0,1.0,1.0,0.0,6.0,5.2,0.4,5.6,7.0,7.0,41.0,0.47,0.16,0.63,0.31,0.47,0.94,0.07,1.0,0.81,0.88
45,Marseille,Ulisses Garcia,SUI,DF,29.0,12.0,5.0,494.0,5.5,2.0,1.0,3.0,2.0,0.0,0.0,1.0,0.0,1.5,1.5,0.7,2.2,10.0,16.0,67.0,0.36,0.18,0.55,0.36,0.55,0.27,0.12,0.39,0.27,0.39
46,Marseille,Pol Lirola,ESP,DF,27.0,11.0,4.0,443.0,4.9,1.0,2.0,3.0,1.0,0.0,0.0,1.0,1.0,0.5,0.5,0.5,1.0,7.0,11.0,30.0,0.2,0.41,0.61,0.2,0.61,0.1,0.1,0.2,0.1,0.2
47,Marseille,Jon Rowe,ENG,"FW,MF",21.0,17.0,3.0,483.0,5.4,2.0,2.0,4.0,2.0,0.0,0.0,2.0,0.0,2.4,2.4,2.8,5.3,20.0,20.0,53.0,0.37,0.37,0.75,0.37,0.75,0.45,0.53,0.98,0.45,0.98
48,Marseille,Ismaël Koné,CAN,"MF,FW",22.0,8.0,3.0,360.0,4.0,0.0,0.0,0.0,0.0,0.0,0.0,0.0,0.0,0.3,0.3,0.4,0.6,2.0,10.0,10.0,0.0,0.0,0.0,0.0,0.0,0.07,0.09,0.16,0.07,0.16
49,Marseille,Bilal Nadir,FRA,MF,21.0,8.0,3.0,201.0,2.2,1.0,0.0,1.0,1.0,0.0,0.0,1.0,0.0,0.3,0.3,0.2,0.5,6.0,7.0,12.0,0.45,0.0,0.45,0.45,0.45,0.14,0.09,0.24,0.14,0.24
50,Marseille,Valentin Carboni,ARG,"MF,FW",19.0,4.0,1.0,103.0,1.1,0.0,0.0,0.0,0.0,0.0,0.0,1.0,0.0,0.0,0.0,0.1,0.2,4.0,4.0,8.0,0.0,0.0,0.0,0.0,0.0,0.04,0.1,0.14,0.04,0.14
51,Marseille,Robinio Vaz,FRA,FW,17.0,2.0,0.0,75.0,0.8,0.0,0.0,0.0,0.0,0.0,0.0,1.0,0.0,0.5,0.5,0.0,0.5,3.0,0.0,6.0,0.0,0.0,0.0,0.0,0.0,0.61,0.0,0.61,0.61,0.61
52,Marseille,Amine Gouiri,ALG,"MF,FW",24.0,1.0,0.0,33.0,0.4,0.0,1.0,1.0,0.0,0.0,0.0,0.0,0.0,0.2,0.2,1.0,1.2,3.0,1.0,5.0,0.0,2.73,2.73,0.0,2.73,0.67,2.72,3.39,0.67,3.39
53,Marseille,Bamo Meïté,CIV,"DF,MF",23.0,3.0,0.0,26.0,0.3,0.0,0.0,0.0,0.0,0.0,0.0,0.0,0.0,0.0,0.0,0.0,0.0,0.0,0.0,0.0,0.0,0.0,0.0,0.0,0.0,0.0,0.0,0.0,0.0,0.0
54,Marseille,Enzo Sternal,FRA,"FW,MF",17.0,2.0,0.0,24.0,0.3,0.0,0.0,0.0,0.0,0.0,0.0,1.0,0.0,0.0,0.0,0.0,0.0,0.0,0.0,0.0,0.0,0.0,0.0,0.0,0.0,0.0,0.09,0.09,0.0,0.09
55,Marseille,Darryl Bakola,FRA,DF,17.0,1.0,0.0,12.0,0.1,0.0,0.0,0.0,0.0,0.0,0.0,1.0,0.0,0.0,0.0,0.0,0.0,0.0,0.0,0.0,0.0,0.0,0.0,0.0,0.0,0.0,0.0,0.0,0.0,0.0
56,Marseille,Emmanuel Koum Mbondo,FRA,DF,18.0,1.0,0.0,12.0,0.1,0.0,0.0,0.0,0.0,0.0,0.0,0.0,0.0,0.0,0.0,0.0,0.0,0.0,0.0,0.0,0.0,0.0,0.0,0.0,0.0,0.0,0.0,0.0,0.0,0.0
57,Marseille,Faris Pemi Moumbagna,CMR,FW,24.0,1.0,0.0,8.0,0.1,0.0,0.0,0.0,0.0,0.0,0.0,0.0,0.0,0.0,0.0,0.0,0.0,0.0,0.0,0.0,0.0,0.0,0.0,0.0,0.0,0.0,0.0,0.0,0.0,0.0
58,Marseille,Keyliane Abdallah,FRA,FW,18.0,1.0,0.0,3.0,0.0,0.0,0.0,0.0,0.0,0.0,0.0,0.0,0.0,0.0,0.0,0.0,0.0,1.0,0.0,0.0,0.0,0.0,0.0,0.0,0.0,0.0,0.0,0.0,0.0,0.0
59,Marseille,Salim Ben Seghir,FRA,FW,21.0,0.0,0.0,0.0,0.0,0.0,0.0,0.0,0.0,0.0,0.0,0.0,0.0,0.0,0.0,0.0,0.0,0.0,0.0,0.0,0.0,0.0,0.0,0.0,0.0,0.0,0.0,0.0,0.0,0.0
60,Marseille,Jeffrey De Lange,NED,GK,26.0,0.0,0.0,0.0,0.0,0.0,0.0,0.0,0.0,0.0,0.0,0.0,0.0,0.0,0.0,0.0,0.0,0.0,0.0,0.0,0.0,0.0,0.0,0.0,0.0,0.0,0.0,0.0,0.0,0.0
61,Marseille,Luiz Felipe,ITA,DF,27.0,0.0,0.0,0.0,0.0,0.0,0.0,0.0,0.0,0.0,0.0,0.0,0.0,0.0,0.0,0.0,0.0,0.0,0.0,0.0,0.0,0.0,0.0,0.0,0.0,0.0,0.0,0.0,0.0,0.0
62,Marseille,Gael Lafont,FRA,FW,18.0,0.0,0.0,0.0,0.0,0.0,0.0,0.0,0.0,0.0,0.0,0.0,0.0,0.0,0.0,0.0,0.0,0.0,0.0,0.0,0.0,0.0,0.0,0.0,0.0,0.0,0.0,0.0,0.0,0.0
63,Marseille,Bamo Meïté,CIV,MF,23.0,0.0,0.0,0.0,0.0,0.0,0.0,0.0,0.0,0.0,0.0,0.0,0.0,0.0,0.0,0.0,0.0,0.0,0.0,0.0,0.0,0.0,0.0,0.0,0.0,0.0,0.0,0.0,0.0,0.0
64,Marseille,Rony Mimb Baheng,CMR,DF,19.0,0.0,0.0,0.0,0.0,0.0,0.0,0.0,0.0,0.0,0.0,0.0,0.0,0.0,0.0,0.0,0.0,0.0,0.0,0.0,0.0,0.0,0.0,0.0,0.0,0.0,0.0,0.0,0.0,0.0
65,Marseille,Roggerio Nyakossi,SUI,DF,21.0,0.0,0.0,0.0,0.0,0.0,0.0,0.0,0.0,0.0,0.0,0.0,0.0,0.0,0.0,0.0,0.0,0.0,0.0,0.0,0.0,0.0,0.0,0.0,0.0,0.0,0.0,0.0,0.0,0.0
66,Marseille,Jelle Van Neck,BEL,GK,20.0,0.0,0.0,0.0,0.0,0.0,0.0,0.0,0.0,0.0,0.0,0.0,0.0,0.0,0.0,0.0,0.0,0.0,0.0,0.0,0.0,0.0,0.0,0.0,0.0,0.0,0.0,0.0,0.0,0.0
67,Monaco,Thilo Kehrer,GER,DF,28.0,17.0,17.0,1530.0,17.0,4.0,0.0,4.0,4.0,0.0,0.0,0.0,0.0,1.2,1.2,0.3,1.4,9.0,84.0,2.0,0.24,0.0,0.24,0.24,0.24,0.07,0.01,0.08,0.07,0.08
68,Monaco,Lamine Camara,SEN,MF,21.0,17.0,15.0,1231.0,13.7,2.0,5.0,7.0,2.0,0.0,0.0,7.0,1.0,1.5,1.5,2.8,4.3,16.0,86.0,28.0,0.15,0.37,0.51,0.15,0.51,0.11,0.2,0.31,0.11,0.31
69,Monaco,Maghnes Akliouche,FRA,"FW,MF",22.0,18.0,14.0,1285.0,14.3,3.0,5.0,8.0,3.0,0.0,0.0,1.0,0.0,4.0,4.0,4.5,8.5,62.0,94.0,123.0,0.21,0.35,0.56,0.21,0.56,0.28,0.32,0.6,0.28,0.6
70,Monaco,Eliesse Ben Seghir,MAR,"MF,FW",19.0,20.0,14.0,1226.0,13.6,5.0,3.0,8.0,3.0,2.0,2.0,0.0,0.0,4.6,3.2,3.7,6.9,58.0,82.0,130.0,0.37,0.22,0.59,0.22,0.44,0.34,0.27,0.61,0.23,0.5
71,Monaco,Takumi Minamino,JPN,"MF,FW",30.0,17.0,14.0,1214.0,13.5,1.0,1.0,2.0,1.0,0.0,0.0,2.0,0.0,4.3,4.3,4.6,8.9,27.0,68.0,98.0,0.07,0.07,0.15,0.07,0.15,0.32,0.34,0.66,0.32,0.66
72,Monaco,Vanderson,BRA,DF,23.0,16.0,14.0,1203.0,13.4,1.0,2.0,3.0,1.0,0.0,0.0,6.0,1.0,1.7,1.7,1.4,3.0,31.0,50.0,65.0,0.07,0.15,0.22,0.07,0.22,0.12,0.1,0.23,0.12,0.23
73,Monaco,Wilfried Singo,CIV,DF,24.0,16.0,13.0,1187.0,13.2,1.0,2.0,3.0,1.0,0.0,0.0,3.0,0.0,1.2,1.2,1.2,2.4,21.0,65.0,17.0,0.08,0.15,0.23,0.08,0.23,0.09,0.09,0.18,0.09,0.18
74,Monaco,Aleksandr Golovin,RUS,"MF,FW",28.0,16.0,13.0,1108.0,12.3,3.0,0.0,3.0,3.0,0.0,0.0,1.0,0.0,2.3,2.3,2.4,4.7,38.0,111.0,70.0,0.24,0.0,0.24,0.24,0.24,0.18,0.19,0.38,0.18,0.38
75,Monaco,Denis Zakaria,SUI,MF,28.0,13.0,12.0,1072.0,11.9,2.0,2.0,4.0,2.0,0.0,0.0,3.0,0.0,2.5,2.5,0.4,2.9,9.0,39.0,14.0,0.17,0.17,0.34,0.17,0.34,0.21,0.03,0.24,0.21,0.24
76,Monaco,Mohammed Salisu,GHA,DF,25.0,13.0,11.0,1020.0,11.3,1.0,0.0,1.0,1.0,0.0,0.0,2.0,0.0,0.8,0.8,0.1,0.8,8.0,68.0,3.0,0.09,0.0,0.09,0.09,0.09,0.07,0.0,0.07,0.07,0.07
77,Monaco,Breel Embolo,SUI,FW,27.0,17.0,10.0,967.0,10.7,4.0,4.0,8.0,4.0,0.0,0.0,2.0,0.0,8.3,8.3,3.7,12.0,10.0,24.0,81.0,0.37,0.37,0.74,0.37,0.74,0.77,0.34,1.12,0.77,1.12
78,Monaco,Philipp Köhn,SUI,GK,26.0,10.0,10.0,900.0,10.0,0.0,0.0,0.0,0.0,0.0,0.0,1.0,0.0,0.0,0.0,0.0,0.0,0.0,0.0,0.0,0.0,0.0,0.0,0.0,0.0,0.0,0.0,0.0,0.0,0.0
79,Monaco,Radosław Majecki,POL,GK,25.0,10.0,10.0,900.0,10.0,0.0,0.0,0.0,0.0,0.0,0.0,1.0,0.0,0.0,0.0,0.0,0.0,0.0,0.0,0.0,0.0,0.0,0.0,0.0,0.0,0.0,0.0,0.0,0.0,0.0
80,Monaco,Soungoutou Magassa,FRA,MF,21.0,15.0,9.0,822.0,9.1,0.0,0.0,0.0,0.0,0.0,0.0,5.0,0.0,0.5,0.5,0.6,1.1,6.0,51.0,10.0,0.0,0.0,0.0,0.0,0.0,0.05,0.07,0.12,0.05,0.12
81,Monaco,Caio Henrique Oliveira Silva,BRA,DF,27.0,13.0,8.0,788.0,8.8,0.0,2.0,2.0,0.0,0.0,0.0,1.0,0.0,0.1,0.1,2.3,2.4,25.0,46.0,63.0,0.0,0.23,0.23,0.0,0.23,0.01,0.27,0.28,0.01,0.28
82,Monaco,Christian Mawissa,FRA,DF,19.0,10.0,7.0,587.0,6.5,0.0,0.0,0.0,0.0,0.0,0.0,1.0,0.0,0.1,0.1,0.0,0.1,7.0,16.0,8.0,0.0,0.0,0.0,0.0,0.0,0.01,0.0,0.01,0.01,0.01
83,Monaco,Folarin Balogun,USA,FW,23.0,7.0,6.0,469.0,5.2,3.0,0.0,3.0,3.0,0.0,0.0,0.0,0.0,3.8,3.8,0.9,4.7,13.0,9.0,57.0,0.58,0.0,0.58,0.58,0.58,0.73,0.17,0.9,0.73,0.9
84,Monaco,George Ilenikhena,FRA,FW,18.0,16.0,5.0,548.0,6.1,1.0,2.0,3.0,1.0,0.0,0.0,0.0,0.0,3.3,3.3,1.3,4.5,7.0,5.0,39.0,0.16,0.33,0.49,0.16,0.49,0.54,0.21,0.75,0.54,0.75
85,Monaco,Kassoum Ouattara,FRA,"DF,FW",20.0,12.0,5.0,391.0,4.3,0.0,1.0,1.0,0.0,0.0,0.0,2.0,0.0,0.2,0.2,1.2,1.4,15.0,16.0,35.0,0.0,0.23,0.23,0.0,0.23,0.04,0.28,0.31,0.04,0.31
86,Monaco,Jordan Teze,NED,DF,25.0,12.0,5.0,377.0,4.2,1.0,0.0,1.0,1.0,0.0,0.0,2.0,1.0,1.2,1.2,1.0,2.2,6.0,19.0,34.0,0.24,0.0,0.24,0.24,0.24,0.28,0.23,0.52,0.28,0.52
87,Monaco,Mika Biereth,DEN,FW,21.0,3.0,3.0,270.0,3.0,4.0,0.0,4.0,4.0,0.0,0.0,0.0,0.0,2.4,2.4,1.0,3.4,2.0,6.0,35.0,1.33,0.0,1.33,1.33,1.33,0.81,0.32,1.14,0.81,1.14
88,Monaco,Ismail Jakobs,SEN,DF,25.0,2.0,2.0,180.0,2.0,0.0,0.0,0.0,0.0,0.0,0.0,0.0,0.0,0.0,0.0,0.2,0.2,9.0,6.0,17.0,0.0,0.0,0.0,0.0,0.0,0.0,0.11,0.11,0.0,0.11
89,Monaco,Krépin Diatta,SEN,DF,25.0,8.0,1.0,242.0,2.7,0.0,0.0,0.0,0.0,0.0,0.0,0.0,0.0,0.2,0.2,0.0,0.2,9.0,13.0,22.0,0.0,0.0,0.0,0.0,0.0,0.06,0.01,0.07,0.06,0.07
90,Monaco,Saïmon Bouabré,FRA,"MF,FW",18.0,2.0,1.0,72.0,0.8,0.0,0.0,0.0,0.0,0.0,0.0,0.0,0.0,0.0,0.0,0.0,0.0,3.0,2.0,3.0,0.0,0.0,0.0,0.0,0.0,0.0,0.0,0.0,0.0,0.0
91,Monaco,Eliot Matazo,BEL,MF,22.0,3.0,1.0,68.0,0.8,0.0,0.0,0.0,0.0,0.0,0.0,0.0,0.0,0.0,0.0,0.1,0.1,0.0,7.0,3.0,0.0,0.0,0.0,0.0,0.0,0.0,0.08,0.08,0.0,0.08
92,Monaco,Lucas Michal,FRA,"FW,MF",19.0,3.0,0.0,66.0,0.7,0.0,0.0,0.0,0.0,0.0,0.0,0.0,0.0,0.2,0.2,0.9,1.1,3.0,3.0,6.0,0.0,0.0,0.0,0.0,0.0,0.28,1.23,1.51,0.28,1.51
93,Monaco,Aladji Bamba,FRA,MF,18.0,0.0,0.0,0.0,0.0,0.0,0.0,0.0,0.0,0.0,0.0,0.0,0.0,0.0,0.0,0.0,0.0,0.0,0.0,0.0,0.0,0.0,0.0,0.0,0.0,0.0,0.0,0.0,0.0,0.0
94,Monaco,Mamadou Coulibaly,FRA,MF,20.0,0.0,0.0,0.0,0.0,0.0,0.0,0.0,0.0,0.0,0.0,0.0,0.0,0.0,0.0,0.0,0.0,0.0,0.0,0.0,0.0,0.0,0.0,0.0,0.0,0.0,0.0,0.0,0.0,0.0
95,Monaco,Edan Diop,FRA,MF,20.0,0.0,0.0,0.0,0.0,0.0,0.0,0.0,0.0,0.0,0.0,0.0,0.0,0.0,0.0,0.0,0.0,0.0,0.0,0.0,0.0,0.0,0.0,0.0,0.0,0.0,0.0,0.0,0.0,0.0
96,Monaco,Bradel Kiwa,FRA,MF,18.0,0.0,0.0,0.0,0.0,0.0,0.0,0.0,0.0,0.0,0.0,0.0,0.0,0.0,0.0,0.0,0.0,0.0,0.0,0.0,0.0,0.0,0.0,0.0,0.0,0.0,0.0,0.0,0.0,0.0
97,Monaco,Yann Liénard,FRA,GK,21.0,0.0,0.0,0.0,0.0,0.0,0.0,0.0,0.0,0.0,0.0,0.0,0.0,0.0,0.0,0.0,0.0,0.0,0.0,0.0,0.0,0.0,0.0,0.0,0.0,0.0,0.0,0.0,0.0,0.0
98,Monaco,Guillermo Maripán,CHI,DF,30.0,0.0,0.0,0.0,0.0,0.0,0.0,0.0,0.0,0.0,0.0,0.0,0.0,0.0,0.0,0.0,0.0,0.0,0.0,0.0,0.0,0.0,0.0,0.0,0.0,0.0,0.0,0.0,0.0,0.0
99,Monaco,Samuel Nibombé,BEL,DF,17.0,0.0,0.0,0.0,0.0,0.0,0.0,0.0,0.0,0.0,0.0,0.0,0.0,0.0,0.0,0.0,0.0,0.0,0.0,0.0,0.0,0.0,0.0,0.0,0.0,0.0,0.0,0.0,0.0,0.0
100,Monaco,Jules Stawiecki,FRA,GK,17.0,0.0,0.0,0.0,0.0,0.0,0.0,0.0,0.0,0.0,0.0,0.0,0.0,0.0,0.0,0.0,0.0,0.0,0.0,0.0,0.0,0.0,0.0,0.0,0.0,0.0,0.0,0.0,0.0,0.0
101,Lille,Lucas Chevalier,FRA,GK,23.0,20.0,20.0,1800.0,20.0,0.0,0.0,0.0,0.0,0.0,0.0,0.0,0.0,0.0,0.0,0.5,0.5,0.0,0.0,0.0,0.0,0.0,0.0,0.0,0.0,0.0,0.03,0.03,0.0,0.03
102,Lille,Bafodé Diakité,FRA,DF,24.0,20.0,20.0,1800.0,20.0,3.0,1.0,4.0,3.0,0.0,0.0,3.0,0.0,1.7,1.7,0.1,1.8,9.0,58.0,3.0,0.15,0.05,0.2,0.15,0.2,0.08,0.01,0.09,0.08,0.09
103,Lille,Alexsandro Ribeiro,BRA,DF,25.0,17.0,17.0,1530.0,17.0,0.0,1.0,1.0,0.0,0.0,0.0,6.0,0.0,0.9,0.9,0.1,1.0,15.0,110.0,5.0,0.0,0.06,0.06,0.0,0.06,0.05,0.01,0.06,0.05,0.06
104,Lille,Benjamin André,FRA,MF,34.0,17.0,17.0,1522.0,16.9,0.0,1.0,1.0,0.0,0.0,0.0,9.0,0.0,1.2,1.2,1.1,2.3,17.0,126.0,39.0,0.0,0.06,0.06,0.0,0.06,0.07,0.07,0.14,0.07,0.14
105,Lille,Jonathan David,CAN,FW,25.0,19.0,16.0,1539.0,17.1,12.0,3.0,15.0,6.0,6.0,7.0,3.0,0.0,11.3,5.8,2.8,8.6,21.0,29.0,105.0,0.7,0.18,0.88,0.35,0.53,0.66,0.16,0.83,0.34,0.5
106,Lille,Gabriel Gudmundsson,SWE,DF,25.0,19.0,14.0,1245.0,13.8,2.0,0.0,2.0,2.0,0.0,0.0,3.0,0.0,0.6,0.6,0.9,1.5,48.0,69.0,80.0,0.14,0.0,0.14,0.14,0.14,0.04,0.06,0.11,0.04,0.11
107,Lille,Aïssa Mandi,ALG,DF,33.0,16.0,14.0,1157.0,12.9,0.0,0.0,0.0,0.0,0.0,0.0,2.0,0.0,0.2,0.2,0.2,0.4,8.0,63.0,15.0,0.0,0.0,0.0,0.0,0.0,0.02,0.01,0.03,0.02,0.03
108,Lille,Edon Zhegrova,KVX,"FW,MF",25.0,12.0,12.0,978.0,10.9,4.0,1.0,5.0,4.0,0.0,0.0,1.0,0.0,2.3,2.3,2.2,4.5,37.0,54.0,81.0,0.37,0.09,0.46,0.37,0.46,0.21,0.21,0.41,0.21,0.41
109,Lille,Thomas Meunier,BEL,DF,33.0,17.0,9.0,865.0,9.6,1.0,0.0,1.0,1.0,0.0,0.0,2.0,0.0,1.2,1.2,0.3,1.6,27.0,55.0,56.0,0.1,0.0,0.1,0.1,0.1,0.13,0.03,0.16,0.13,0.16
110,Lille,Hákon Arnar Haraldsson,ISL,"MF,FW",21.0,12.0,9.0,784.0,8.7,2.0,2.0,4.0,2.0,0.0,0.0,2.0,0.0,1.9,1.9,1.1,2.9,22.0,44.0,64.0,0.23,0.23,0.46,0.23,0.46,0.21,0.12,0.34,0.21,0.34
111,Lille,Rémy Cabella,FRA,"FW,MF",34.0,18.0,9.0,757.0,8.4,0.0,2.0,2.0,0.0,0.0,0.0,1.0,0.0,2.6,2.6,1.9,4.5,34.0,49.0,99.0,0.0,0.24,0.24,0.0,0.24,0.31,0.22,0.53,0.31,0.53
112,Lille,Angel Gomes,ENG,MF,24.0,13.0,9.0,691.0,7.7,1.0,1.0,2.0,1.0,0.0,1.0,1.0,0.0,1.7,0.9,2.1,3.0,15.0,47.0,45.0,0.13,0.13,0.26,0.13,0.26,0.22,0.28,0.5,0.12,0.39
113,Lille,Osame Sahraoui,MAR,"FW,MF",23.0,19.0,8.0,988.0,11.0,3.0,3.0,6.0,3.0,0.0,0.0,1.0,0.0,2.6,2.6,3.1,5.7,55.0,68.0,124.0,0.27,0.27,0.55,0.27,0.55,0.24,0.28,0.52,0.24,0.52
114,Lille,Ngal'Ayel Mukau,COD,MF,20.0,13.0,8.0,728.0,8.1,0.0,0.0,0.0,0.0,0.0,0.0,4.0,0.0,0.3,0.3,0.3,0.5,12.0,38.0,20.0,0.0,0.0,0.0,0.0,0.0,0.03,0.03,0.06,0.03,0.06
115,Lille,André Gomes,POR,MF,31.0,11.0,8.0,644.0,7.2,0.0,0.0,0.0,0.0,0.0,0.0,3.0,0.0,0.2,0.2,0.3,0.5,6.0,46.0,9.0,0.0,0.0,0.0,0.0,0.0,0.03,0.04,0.07,0.03,0.07
116,Lille,Ayyoub Bouaddi,FRA,MF,17.0,15.0,7.0,681.0,7.6,0.0,1.0,1.0,0.0,0.0,0.0,1.0,0.0,0.0,0.0,0.9,0.9,7.0,22.0,11.0,0.0,0.13,0.13,0.0,0.13,0.01,0.12,0.12,0.01,0.12
117,Lille,Mitchel Bakker,NED,"DF,FW",24.0,13.0,6.0,563.0,6.3,2.0,1.0,3.0,2.0,0.0,0.0,1.0,1.0,2.1,2.1,1.0,3.1,22.0,24.0,54.0,0.32,0.16,0.48,0.32,0.48,0.32,0.16,0.48,0.32,0.48
118,Lille,Matias Fernandez-Pardo,BEL,FW,20.0,11.0,5.0,437.0,4.9,1.0,1.0,2.0,1.0,0.0,0.0,2.0,0.0,0.2,0.2,1.1,1.3,23.0,10.0,36.0,0.21,0.21,0.41,0.21,0.41,0.04,0.22,0.27,0.04,0.27
119,Lille,Tiago Santos,POR,DF,22.0,7.0,4.0,404.0,4.5,0.0,0.0,0.0,0.0,0.0,0.0,1.0,0.0,0.4,0.4,0.6,1.0,24.0,17.0,43.0,0.0,0.0,0.0,0.0,0.0,0.09,0.13,0.22,0.09,0.22
120,Lille,Mohamed Lamine Bayo,GUI,FW,26.0,12.0,4.0,309.0,3.4,2.0,1.0,3.0,2.0,0.0,0.0,1.0,0.0,2.2,2.2,0.5,2.7,4.0,4.0,20.0,0.58,0.29,0.87,0.58,0.87,0.65,0.15,0.8,0.65,0.8
121,Lille,Ismaily,BRA,DF,35.0,5.0,3.0,254.0,2.8,0.0,0.0,0.0,0.0,0.0,0.0,1.0,0.0,0.1,0.1,0.1,0.3,5.0,15.0,22.0,0.0,0.0,0.0,0.0,0.0,0.04,0.05,0.09,0.04,0.09
122,Lille,Ethan Mbappé,FRA,"MF,FW",18.0,5.0,1.0,109.0,1.2,0.0,0.0,0.0,0.0,0.0,0.0,1.0,0.0,0.9,0.9,0.7,1.7,2.0,7.0,17.0,0.0,0.0,0.0,0.0,0.0,0.79,0.62,1.4,0.79,1.4
123,Lille,Younes Lachaab,FRA,MF,20.0,1.0,0.0,7.0,0.1,0.0,0.0,0.0,0.0,0.0,0.0,0.0,0.0,0.1,0.1,0.0,0.1,1.0,0.0,0.0,0.0,0.0,0.0,0.0,0.0,1.22,0.0,1.22,1.22,1.22
124,Lille,Ousmane Toure,FRA,DF,19.0,1.0,0.0,6.0,0.1,0.0,0.0,0.0,0.0,0.0,0.0,0.0,0.0,0.0,0.0,0.0,0.0,0.0,2.0,0.0,0.0,0.0,0.0,0.0,0.0,0.0,0.0,0.0,0.0,0.0
125,Lille,Aaron Malouda,FRA,FW,19.0,1.0,0.0,2.0,0.0,0.0,0.0,0.0,0.0,0.0,0.0,0.0,0.0,0.0,0.0,0.0,0.0,0.0,0.0,0.0,0.0,0.0,0.0,0.0,0.0,0.0,0.0,0.0,0.0,0.0
126,Lille,Vincent Burlet,BEL,DF,19.0,0.0,0.0,0.0,0.0,0.0,0.0,0.0,0.0,0.0,0.0,0.0,0.0,0.0,0.0,0.0,0.0,0.0,0.0,0.0,0.0,0.0,0.0,0.0,0.0,0.0,0.0,0.0,0.0,0.0
127,Lille,Marc-Aurèle Caillard,FRA,GK,30.0,0.0,0.0,0.0,0.0,0.0,0.0,0.0,0.0,0.0,0.0,0.0,0.0,0.0,0.0,0.0,0.0,0.0,0.0,0.0,0.0,0.0,0.0,0.0,0.0,0.0,0.0,0.0,0.0,0.0
128,Lille,Isaac Cossier,FRA,DF,18.0,0.0,0.0,0.0,0.0,0.0,0.0,0.0,0.0,0.0,0.0,0.0,0.0,0.0,0.0,0.0,0.0,0.0,0.0,0.0,0.0,0.0,0.0,0.0,0.0,0.0,0.0,0.0,0.0,0.0
129,Lille,Rafael Fernandes,POR,DF,22.0,0.0,0.0,0.0,0.0,0.0,0.0,0.0,0.0,0.0,0.0,0.0,0.0,0.0,0.0,0.0,0.0,0.0,0.0,0.0,0.0,0.0,0.0,0.0,0.0,0.0,0.0,0.0,0.0,0.0
130,Lille,Andrej Ilic,SRB,FW,24.0,0.0,0.0,0.0,0.0,0.0,0.0,0.0,0.0,0.0,0.0,0.0,0.0,0.0,0.0,0.0,0.0,0.0,0.0,0.0,0.0,0.0,0.0,0.0,0.0,0.0,0.0,0.0,0.0,0.0
131,Lille,Vito Mannone,ITA,GK,36.0,0.0,0.0,0.0,0.0,0.0,0.0,0.0,0.0,0.0,0.0,0.0,0.0,0.0,0.0,0.0,0.0,0.0,0.0,0.0,0.0,0.0,0.0,0.0,0.0,0.0,0.0,0.0,0.0,0.0
132,Lille,Akim Zedadka,ALG,DF,29.0,0.0,0.0,0.0,0.0,0.0,0.0,0.0,0.0,0.0,0.0,0.0,0.0,0.0,0.0,0.0,0.0,0.0,0.0,0.0,0.0,0.0,0.0,0.0,0.0,0.0,0.0,0.0,0.0,0.0
133,Nice,Marcin Bułka,POL,GK,25.0,20.0,20.0,1800.0,20.0,0.0,0.0,0.0,0.0,0.0,0.0,0.0,0.0,0.0,0.0,0.2,0.2,0.0,0.0,0.0,0.0,0.0,0.0,0.0,0.0,0.0,0.01,0.01,0.0,0.01
134,Nice,Evann Guessand,CIV,"FW,MF",23.0,20.0,20.0,1700.0,18.9,9.0,5.0,14.0,9.0,0.0,0.0,2.0,0.0,6.4,6.4,3.7,10.1,59.0,54.0,95.0,0.48,0.26,0.74,0.48,0.74,0.34,0.2,0.54,0.34,0.54
135,Nice,Hicham Boudaoui,ALG,MF,25.0,16.0,16.0,1431.0,15.9,1.0,1.0,2.0,1.0,0.0,0.0,7.0,0.0,1.3,1.3,0.6,1.9,33.0,79.0,35.0,0.06,0.06,0.13,0.06,0.13,0.08,0.04,0.12,0.08,0.12
136,Nice,Pablo Rosario,NED,"MF,DF",28.0,17.0,14.0,1181.0,13.1,1.0,1.0,2.0,0.0,1.0,1.0,2.0,1.0,2.2,1.4,0.3,1.8,10.0,54.0,12.0,0.08,0.08,0.15,0.0,0.08,0.17,0.03,0.19,0.11,0.13
137,Nice,Jonathan Clauss,FRA,"DF,MF",32.0,15.0,14.0,1167.0,13.0,1.0,4.0,5.0,1.0,0.0,0.0,4.0,0.0,1.0,1.0,4.0,5.0,26.0,48.0,68.0,0.08,0.31,0.39,0.08,0.39,0.08,0.31,0.39,0.08,0.39
138,Nice,Mohamed Ali Cho,FRA,"FW,MF",21.0,16.0,14.0,1052.0,11.7,3.0,2.0,5.0,3.0,0.0,0.0,1.0,0.0,2.1,2.1,2.7,4.8,44.0,33.0,88.0,0.26,0.17,0.43,0.26,0.43,0.18,0.23,0.41,0.18,0.41
139,Nice,Moïse Bombito,CAN,DF,24.0,15.0,13.0,1192.0,13.2,0.0,0.0,0.0,0.0,0.0,0.0,2.0,1.0,0.6,0.6,0.0,0.6,14.0,46.0,4.0,0.0,0.0,0.0,0.0,0.0,0.05,0.0,0.05,0.05,0.05
140,Nice,Dante,BRA,DF,41.0,14.0,12.0,1104.0,12.3,0.0,0.0,0.0,0.0,0.0,0.0,5.0,0.0,0.2,0.2,0.0,0.2,11.0,56.0,6.0,0.0,0.0,0.0,0.0,0.0,0.02,0.0,0.02,0.02,0.02
141,Nice,Tanguy Ndombele,FRA,MF,28.0,16.0,12.0,1098.0,12.2,1.0,2.0,3.0,1.0,0.0,0.0,2.0,0.0,2.4,2.4,2.3,4.6,21.0,55.0,34.0,0.08,0.16,0.25,0.08,0.25,0.19,0.19,0.38,0.19,0.38
142,Nice,Youssouf Ndayishimiye,BDI,DF,26.0,13.0,12.0,1032.0,11.5,1.0,0.0,1.0,1.0,0.0,0.0,3.0,0.0,0.4,0.4,0.1,0.5,9.0,30.0,4.0,0.09,0.0,0.09,0.09,0.09,0.04,0.01,0.05,0.04,0.05
143,Nice,Melvin Bard,FRA,"DF,MF",24.0,13.0,11.0,960.0,10.7,1.0,0.0,1.0,1.0,0.0,0.0,2.0,0.0,1.4,1.4,0.4,1.8,22.0,37.0,31.0,0.09,0.0,0.09,0.09,0.09,0.13,0.04,0.17,0.13,0.17
144,Nice,Ali Abdi,TUN,"DF,MF",31.0,12.0,9.0,807.0,9.0,2.0,2.0,4.0,2.0,0.0,0.0,1.0,0.0,1.2,1.2,1.4,2.5,23.0,27.0,56.0,0.22,0.22,0.45,0.22,0.45,0.13,0.15,0.28,0.13,0.28
145,Nice,Gaëtan Laborde,FRA,FW,30.0,14.0,8.0,788.0,8.8,7.0,2.0,9.0,4.0,3.0,3.0,0.0,0.0,6.4,4.0,1.2,5.3,16.0,18.0,63.0,0.8,0.23,1.03,0.46,0.69,0.73,0.14,0.87,0.46,0.6
146,Nice,Jeremie Boga,CIV,"MF,FW",28.0,10.0,8.0,621.0,6.9,0.0,1.0,1.0,0.0,0.0,0.0,0.0,0.0,1.3,1.3,1.5,2.7,35.0,17.0,45.0,0.0,0.14,0.14,0.0,0.14,0.19,0.21,0.4,0.19,0.4
147,Nice,Sofiane Diop,FRA,"MF,FW",24.0,16.0,7.0,748.0,8.3,5.0,3.0,8.0,5.0,0.0,0.0,3.0,0.0,5.1,5.1,1.2,6.3,12.0,36.0,38.0,0.6,0.36,0.96,0.6,0.96,0.62,0.15,0.77,0.62,0.77
148,Nice,Mohamed Abdelmoneim,EGY,DF,26.0,8.0,7.0,608.0,6.8,0.0,0.0,0.0,0.0,0.0,0.0,2.0,0.0,0.0,0.0,0.0,0.0,2.0,26.0,3.0,0.0,0.0,0.0,0.0,0.0,0.0,0.0,0.0,0.0,0.0
149,Nice,Badredine Bouanani,ALG,"MF,FW",20.0,18.0,6.0,674.0,7.5,2.0,0.0,2.0,2.0,0.0,0.0,2.0,0.0,1.3,1.3,1.0,2.3,31.0,30.0,53.0,0.27,0.0,0.27,0.27,0.27,0.18,0.14,0.31,0.18,0.31
150,Nice,Antoine Mendy,FRA,DF,20.0,11.0,5.0,539.0,6.0,0.0,0.0,0.0,0.0,0.0,0.0,1.0,0.0,0.4,0.4,0.1,0.5,9.0,20.0,11.0,0.0,0.0,0.0,0.0,0.0,0.07,0.01,0.09,0.07,0.09
151,Nice,Tom Louchet,FRA,"DF,MF",21.0,12.0,5.0,497.0,5.5,1.0,0.0,1.0,1.0,0.0,0.0,1.0,0.0,0.1,0.1,0.7,0.9,12.0,21.0,24.0,0.18,0.0,0.18,0.18,0.18,0.03,0.14,0.16,0.03,0.16
152,Nice,Youssoufa Moukoko,GER,"FW,MF",20.0,11.0,2.0,204.0,2.3,2.0,1.0,3.0,2.0,0.0,0.0,0.0,0.0,2.2,2.2,0.8,3.0,2.0,6.0,12.0,0.88,0.44,1.32,0.88,1.32,0.96,0.36,1.32,0.96,1.32
153,Nice,Baptiste Santamaria,FRA,MF,29.0,2.0,2.0,177.0,2.0,0.0,0.0,0.0,0.0,0.0,0.0,0.0,0.0,0.3,0.3,0.0,0.3,1.0,5.0,0.0,0.0,0.0,0.0,0.0,0.0,0.16,0.0,0.16,0.16,0.16
154,Nice,Yael Nandjou,FRA,DF,19.0,3.0,2.0,154.0,1.7,0.0,0.0,0.0,0.0,0.0,0.0,0.0,0.0,0.2,0.2,0.7,1.0,2.0,3.0,9.0,0.0,0.0,0.0,0.0,0.0,0.13,0.44,0.57,0.13,0.57
155,Nice,Bilal Brahimi,ALG,MF,24.0,2.0,1.0,76.0,0.8,0.0,0.0,0.0,0.0,0.0,0.0,0.0,0.0,0.0,0.0,0.0,0.1,3.0,4.0,10.0,0.0,0.0,0.0,0.0,0.0,0.05,0.01,0.07,0.05,0.07
156,Nice,Amidou Doumbouya,FRA,DF,17.0,2.0,0.0,46.0,0.5,0.0,0.0,0.0,0.0,0.0,0.0,0.0,0.0,0.0,0.0,0.0,0.0,1.0,1.0,0.0,0.0,0.0,0.0,0.0,0.0,0.0,0.0,0.0,0.0,0.0
157,Nice,Victor Orakpo,NGA,FW,18.0,4.0,0.0,36.0,0.4,0.0,0.0,0.0,0.0,0.0,0.0,0.0,0.0,0.3,0.3,0.0,0.3,2.0,1.0,4.0,0.0,0.0,0.0,0.0,0.0,0.81,0.0,0.81,0.81,0.81
158,Nice,Jordan Lotomba,SUI,"MF,DF",26.0,2.0,0.0,35.0,0.4,0.0,0.0,0.0,0.0,0.0,0.0,0.0,0.0,0.0,0.0,0.0,0.0,4.0,3.0,2.0,0.0,0.0,0.0,0.0,0.0,0.0,0.0,0.0,0.0,0.0
159,Nice,Issiaga Camara,GUI,MF,20.0,4.0,0.0,20.0,0.2,0.0,0.0,0.0,0.0,0.0,0.0,0.0,0.0,0.0,0.0,0.0,0.0,1.0,2.0,1.0,0.0,0.0,0.0,0.0,0.0,0.0,0.0,0.0,0.0,0.0
160,Nice,Rareş Ilie,ROU,MF,21.0,2.0,0.0,13.0,0.1,0.0,0.0,0.0,0.0,0.0,0.0,0.0,0.0,0.0,0.0,0.4,0.4,2.0,3.0,1.0,0.0,0.0,0.0,0.0,0.0,0.25,2.47,2.72,0.25,2.72
161,Nice,Bernard Nguene,CMR,FW,18.0,1.0,0.0,13.0,0.1,0.0,0.0,0.0,0.0,0.0,0.0,0.0,0.0,0.0,0.0,0.0,0.0,0.0,0.0,1.0,0.0,0.0,0.0,0.0,0.0,0.0,0.0,0.0,0.0,0.0
162,Nice,Laurenzo Alvarenga,FRA,MF,20.0,0.0,0.0,0.0,0.0,0.0,0.0,0.0,0.0,0.0,0.0,0.0,0.0,0.0,0.0,0.0,0.0,0.0,0.0,0.0,0.0,0.0,0.0,0.0,0.0,0.0,0.0,0.0,0.0,0.0
163,Nice,Teddy Boulhendi,FRA,GK,23.0,0.0,0.0,0.0,0.0,0.0,0.0,0.0,0.0,0.0,0.0,0.0,0.0,0.0,0.0,0.0,0.0,0.0,0.0,0.0,0.0,0.0,0.0,0.0,0.0,0.0,0.0,0.0,0.0,0.0
164,Nice,Maxime Dupé,FRA,GK,31.0,0.0,0.0,0.0,0.0,0.0,0.0,0.0,0.0,0.0,0.0,0.0,0.0,0.0,0.0,0.0,0.0,0.0,0.0,0.0,0.0,0.0,0.0,0.0,0.0,0.0,0.0,0.0,0.0,0.0
165,Nice,Everton Pereira,FRA,MF,17.0,0.0,0.0,0.0,0.0,0.0,0.0,0.0,0.0,0.0,0.0,0.0,0.0,0.0,0.0,0.0,0.0,0.0,0.0,0.0,0.0,0.0,0.0,0.0,0.0,0.0,0.0,0.0,0.0,0.0
166,Nice,Iliesse Salhi,FRA,MF,17.0,0.0,0.0,0.0,0.0,0.0,0.0,0.0,0.0,0.0,0.0,0.0,0.0,0.0,0.0,0.0,0.0,0.0,0.0,0.0,0.0,0.0,0.0,0.0,0.0,0.0,0.0,0.0,0.0,0.0
167,Nice,Daouda Traoré,FRA,MF,18.0,0.0,0.0,0.0,0.0,0.0,0.0,0.0,0.0,0.0,0.0,0.0,0.0,0.0,0.0,0.0,0.0,0.0,0.0,0.0,0.0,0.0,0.0,0.0,0.0,0.0,0.0,0.0,0.0,0.0
168,Lens,Adrien Thomasson,FRA,MF,31.0,20.0,20.0,1633.0,18.1,2.0,3.0,5.0,2.0,0.0,0.0,3.0,0.0,3.3,3.3,4.4,7.7,16.0,93.0,78.0,0.11,0.17,0.28,0.11,0.28,0.18,0.24,0.42,0.18,0.42
169,Lens,Facundo Medina,ARG,"DF,MF",25.0,18.0,18.0,1588.0,17.6,0.0,1.0,1.0,0.0,0.0,0.0,6.0,0.0,1.1,1.1,1.0,2.1,34.0,110.0,27.0,0.0,0.06,0.06,0.0,0.06,0.06,0.05,0.12,0.06,0.12
170,Lens,Przemysław Frankowski,POL,DF,29.0,18.0,16.0,1387.0,15.4,4.0,2.0,6.0,2.0,2.0,2.0,3.0,0.0,2.3,0.7,2.5,3.2,33.0,117.0,95.0,0.26,0.13,0.39,0.13,0.26,0.15,0.16,0.31,0.05,0.21
171,Lens,Andy Diouf,FRA,MF,21.0,20.0,16.0,1372.0,15.2,1.0,1.0,2.0,1.0,0.0,0.0,2.0,0.0,1.3,1.3,1.2,2.5,52.0,83.0,46.0,0.07,0.07,0.13,0.07,0.13,0.08,0.08,0.16,0.08,0.16
172,Lens,Brice Samba,FRA,GK,30.0,15.0,15.0,1350.0,15.0,0.0,0.0,0.0,0.0,0.0,0.0,1.0,0.0,0.0,0.0,0.0,0.0,0.0,1.0,0.0,0.0,0.0,0.0,0.0,0.0,0.0,0.0,0.0,0.0,0.0
173,Lens,M'Bala Nzola,ANG,FW,28.0,15.0,13.0,1124.0,12.5,6.0,1.0,7.0,6.0,0.0,0.0,3.0,0.0,7.4,7.4,1.3,8.7,20.0,21.0,103.0,0.48,0.08,0.56,0.48,0.56,0.59,0.1,0.69,0.59,0.69
174,Lens,Florian Sotoca,FRA,"FW,MF",34.0,18.0,13.0,1032.0,11.5,0.0,1.0,1.0,0.0,0.0,0.0,2.0,0.0,3.3,3.3,1.1,4.4,26.0,62.0,105.0,0.0,0.09,0.09,0.0,0.09,0.29,0.1,0.38,0.29,0.38
175,Lens,Kevin Danso,AUT,DF,26.0,12.0,12.0,1080.0,12.0,0.0,0.0,0.0,0.0,0.0,0.0,3.0,0.0,0.5,0.5,1.0,1.5,9.0,52.0,1.0,0.0,0.0,0.0,0.0,0.0,0.04,0.09,0.13,0.04,0.13
176,Lens,Jonathan Gradit,FRA,DF,32.0,13.0,12.0,1035.0,11.5,0.0,0.0,0.0,0.0,0.0,0.0,3.0,0.0,0.3,0.3,0.4,0.7,8.0,63.0,2.0,0.0,0.0,0.0,0.0,0.0,0.03,0.04,0.06,0.03,0.06
177,Lens,Abdukodir Khusanov,UZB,DF,20.0,13.0,11.0,975.0,10.8,0.0,0.0,0.0,0.0,0.0,0.0,2.0,1.0,0.2,0.2,0.3,0.6,2.0,43.0,6.0,0.0,0.0,0.0,0.0,0.0,0.02,0.03,0.05,0.02,0.05
178,Lens,Angelo Fulgini,FRA,"MF,FW",28.0,17.0,10.0,835.0,9.3,1.0,1.0,2.0,1.0,0.0,0.0,1.0,0.0,2.0,2.0,2.4,4.4,23.0,57.0,90.0,0.11,0.11,0.22,0.11,0.22,0.22,0.26,0.48,0.22,0.48
179,Lens,Anass Zaroury,MAR,"FW,MF",24.0,15.0,10.0,743.0,8.3,0.0,1.0,1.0,0.0,0.0,0.0,2.0,1.0,1.0,1.0,1.6,2.6,20.0,31.0,63.0,0.0,0.12,0.12,0.0,0.12,0.12,0.2,0.31,0.12,0.31
180,Lens,Deiver Machado,COL,"DF,MF",31.0,16.0,9.0,932.0,10.4,1.0,0.0,1.0,1.0,0.0,0.0,3.0,1.0,1.8,1.8,0.8,2.6,26.0,23.0,41.0,0.1,0.0,0.1,0.1,0.1,0.17,0.08,0.25,0.17,0.25
181,Lens,Jhoanner Chávez,ECU,"DF,MF",22.0,10.0,7.0,596.0,6.6,1.0,0.0,1.0,1.0,0.0,0.0,1.0,0.0,0.3,0.3,0.7,1.0,14.0,9.0,36.0,0.15,0.0,0.15,0.15,0.15,0.04,0.11,0.15,0.04,0.15
182,Lens,Rémy Labeau Lascary,GLP,"FW,MF",21.0,14.0,6.0,637.0,7.1,2.0,1.0,3.0,2.0,0.0,0.0,5.0,0.0,2.5,2.5,1.1,3.6,17.0,7.0,71.0,0.28,0.14,0.42,0.28,0.42,0.36,0.15,0.51,0.36,0.51
183,Lens,Malang Sarr,FRA,DF,26.0,8.0,6.0,564.0,6.3,0.0,0.0,0.0,0.0,0.0,0.0,0.0,0.0,0.2,0.2,0.1,0.2,1.0,14.0,1.0,0.0,0.0,0.0,0.0,0.0,0.03,0.01,0.04,0.03,0.04
184,Lens,Wesley Saïd,FRA,"FW,MF",29.0,11.0,5.0,402.0,4.5,1.0,0.0,1.0,1.0,0.0,0.0,2.0,0.0,2.0,2.0,0.3,2.3,7.0,14.0,25.0,0.22,0.0,0.22,0.22,0.22,0.44,0.07,0.51,0.44,0.51
185,Lens,Neil El Aynaoui,FRA,MF,23.0,11.0,4.0,478.0,5.3,1.0,0.0,1.0,1.0,0.0,0.0,1.0,0.0,0.5,0.5,0.8,1.3,6.0,31.0,13.0,0.19,0.0,0.19,0.19,0.19,0.1,0.14,0.24,0.1,0.24
186,Lens,Goduine Koyalipou,CTA,FW,24.0,4.0,4.0,281.0,3.1,1.0,0.0,1.0,1.0,0.0,0.0,0.0,0.0,1.0,1.0,0.3,1.3,8.0,6.0,27.0,0.32,0.0,0.32,0.32,0.32,0.33,0.09,0.42,0.33,0.42
187,Lens,David Costa,POR,"MF,FW",24.0,11.0,3.0,352.0,3.9,0.0,0.0,0.0,0.0,0.0,0.0,0.0,1.0,1.2,1.2,0.4,1.6,14.0,24.0,20.0,0.0,0.0,0.0,0.0,0.0,0.31,0.1,0.41,0.31,0.41
188,Lens,Ruben Aguilar,FRA,DF,31.0,6.0,3.0,279.0,3.1,0.0,1.0,1.0,0.0,0.0,0.0,1.0,0.0,0.2,0.2,0.7,0.8,2.0,14.0,29.0,0.0,0.32,0.32,0.0,0.32,0.05,0.22,0.27,0.05,0.27
189,Lens,Hervé Koffi,BFA,GK,28.0,3.0,3.0,270.0,3.0,0.0,0.0,0.0,0.0,0.0,0.0,2.0,0.0,0.0,0.0,0.0,0.0,0.0,0.0,0.0,0.0,0.0,0.0,0.0,0.0,0.0,0.0,0.0,0.0,0.0
190,Lens,Mathew Ryan,AUS,GK,32.0,2.0,2.0,180.0,2.0,0.0,0.0,0.0,0.0,0.0,0.0,0.0,0.0,0.0,0.0,0.0,0.0,0.0,0.0,0.0,0.0,0.0,0.0,0.0,0.0,0.0,0.0,0.0,0.0,0.0
191,Lens,Hamzat Ojediran,NGA,"MF,FW",21.0,12.0,1.0,359.0,4.0,1.0,0.0,1.0,1.0,0.0,0.0,3.0,0.0,0.4,0.4,0.4,0.9,2.0,19.0,1.0,0.25,0.0,0.25,0.25,0.25,0.11,0.11,0.22,0.11,0.22
192,Lens,Nampalys Mendy,SEN,MF,32.0,4.0,1.0,110.0,1.2,0.0,0.0,0.0,0.0,0.0,0.0,0.0,0.0,0.0,0.0,0.0,0.0,0.0,7.0,0.0,0.0,0.0,0.0,0.0,0.0,0.0,0.0,0.0,0.0,0.0
193,Lens,Tom Pouilly,FRA,DF,21.0,2.0,0.0,46.0,0.5,0.0,0.0,0.0,0.0,0.0,0.0,1.0,0.0,0.0,0.0,0.0,0.0,2.0,1.0,2.0,0.0,0.0,0.0,0.0,0.0,0.0,0.0,0.0,0.0,0.0
194,Lens,Martin Satriano,URU,"FW,DF",23.0,4.0,0.0,41.0,0.5,0.0,0.0,0.0,0.0,0.0,0.0,0.0,0.0,0.3,0.3,0.1,0.5,2.0,1.0,11.0,0.0,0.0,0.0,0.0,0.0,0.71,0.26,0.98,0.71,0.98
195,Lens,Jeremy Agbonifo,SWE,FW,19.0,1.0,0.0,31.0,0.3,1.0,0.0,1.0,1.0,0.0,0.0,0.0,0.0,0.5,0.5,0.0,0.5,3.0,0.0,5.0,2.9,0.0,2.9,2.9,2.9,1.37,0.0,1.37,1.37,1.37
196,Lens,Gabin Capuano,FRA,FW,18.0,1.0,0.0,11.0,0.1,0.0,0.0,0.0,0.0,0.0,0.0,0.0,0.0,0.0,0.0,0.0,0.0,0.0,0.0,1.0,0.0,0.0,0.0,0.0,0.0,0.0,0.0,0.0,0.0,0.0
197,Lens,Kembo Diliwidi,FRA,DF,19.0,1.0,0.0,4.0,0.0,0.0,0.0,0.0,0.0,0.0,0.0,0.0,0.0,0.0,0.0,0.0,0.0,0.0,1.0,0.0,0.0,0.0,0.0,0.0,0.0,0.0,0.0,0.0,0.0,0.0
198,Lens,Juma Bah,SLE,DF,18.0,1.0,0.0,1.0,0.0,0.0,0.0,0.0,0.0,0.0,0.0,0.0,0.0,0.0,0.0,0.0,0.0,0.0,0.0,0.0,0.0,0.0,0.0,0.0,0.0,0.0,0.0,0.0,0.0,0.0
199,Lens,Kyllian Antonio,FRA,DF,17.0,0.0,0.0,0.0,0.0,0.0,0.0,0.0,0.0,0.0,0.0,0.0,0.0,0.0,0.0,0.0,0.0,0.0,0.0,0.0,0.0,0.0,0.0,0.0,0.0,0.0,0.0,0.0,0.0,0.0
200,Lens,Hervé Boua Dié,FRA,FW,19.0,0.0,0.0,0.0,0.0,0.0,0.0,0.0,0.0,0.0,0.0,0.0,0.0,0.0,0.0,0.0,0.0,0.0,0.0,0.0,0.0,0.0,0.0,0.0,0.0,0.0,0.0,0.0,0.0,0.0
201,Lens,Adam Delplace,FRA,GK,18.0,0.0,0.0,0.0,0.0,0.0,0.0,0.0,0.0,0.0,0.0,0.0,0.0,0.0,0.0,0.0,0.0,0.0,0.0,0.0,0.0,0.0,0.0,0.0,0.0,0.0,0.0,0.0,0.0,0.0
202,Lens,Ismaëlo Ganiou,FRA,DF,19.0,0.0,0.0,0.0,0.0,0.0,0.0,0.0,0.0,0.0,0.0,0.0,0.0,0.0,0.0,0.0,0.0,0.0,0.0,0.0,0.0,0.0,0.0,0.0,0.0,0.0,0.0,0.0,0.0,0.0
203,Lens,Massadio Haïdara,MLI,"DF,MF",32.0,0.0,0.0,0.0,0.0,0.0,0.0,0.0,0.0,0.0,0.0,0.0,0.0,0.0,0.0,0.0,0.0,0.0,0.0,0.0,0.0,0.0,0.0,0.0,0.0,0.0,0.0,0.0,0.0,0.0
204,Lens,Oscar Lenne,FRA,MF,18.0,0.0,0.0,0.0,0.0,0.0,0.0,0.0,0.0,0.0,0.0,0.0,0.0,0.0,0.0,0.0,0.0,0.0,0.0,0.0,0.0,0.0,0.0,0.0,0.0,0.0,0.0,0.0,0.0,0.0
205,Lens,Denis Petrić,SRB,GK,36.0,0.0,0.0,0.0,0.0,0.0,0.0,0.0,0.0,0.0,0.0,0.0,0.0,0.0,0.0,0.0,0.0,0.0,0.0,0.0,0.0,0.0,0.0,0.0,0.0,0.0,0.0,0.0,0.0,0.0
206,Lyon,Lucas Perri,BRA,GK,27.0,20.0,20.0,1800.0,20.0,0.0,0.0,0.0,0.0,0.0,0.0,1.0,0.0,0.0,0.0,0.0,0.0,0.0,0.0,0.0,0.0,0.0,0.0,0.0,0.0,0.0,0.0,0.0,0.0,0.0
207,Lyon,Moussa Niakhate,SEN,DF,28.0,17.0,16.0,1466.0,16.3,0.0,0.0,0.0,0.0,0.0,0.0,0.0,0.0,0.1,0.1,0.2,0.4,15.0,57.0,2.0,0.0,0.0,0.0,0.0,0.0,0.01,0.02,0.02,0.01,0.02
208,Lyon,Clinton Mata,ANG,DF,32.0,17.0,16.0,1447.0,16.1,0.0,3.0,3.0,0.0,0.0,0.0,3.0,0.0,0.2,0.2,1.2,1.4,15.0,55.0,23.0,0.0,0.19,0.19,0.0,0.19,0.01,0.08,0.09,0.01,0.09
209,Lyon,Corentin Tolisso,FRA,MF,30.0,19.0,15.0,1340.0,14.9,2.0,1.0,3.0,2.0,0.0,0.0,2.0,0.0,3.1,3.1,3.3,6.4,10.0,99.0,72.0,0.13,0.07,0.2,0.13,0.2,0.21,0.22,0.43,0.21,0.43
210,Lyon,Nemanja Matić,SRB,MF,36.0,16.0,15.0,1266.0,14.1,0.0,0.0,0.0,0.0,0.0,0.0,0.0,0.0,0.0,0.0,0.8,0.8,27.0,103.0,12.0,0.0,0.0,0.0,0.0,0.0,0.0,0.06,0.06,0.0,0.06
211,Lyon,Alexandre Lacazette,FRA,FW,33.0,18.0,15.0,1256.0,14.0,6.0,2.0,8.0,4.0,2.0,3.0,2.0,0.0,8.5,6.3,2.9,9.2,13.0,52.0,105.0,0.43,0.14,0.57,0.29,0.43,0.61,0.21,0.82,0.45,0.66
212,Lyon,Jordan Veretout,FRA,MF,31.0,16.0,15.0,1201.0,13.3,2.0,0.0,2.0,2.0,0.0,0.0,3.0,0.0,1.2,1.2,0.5,1.7,25.0,77.0,46.0,0.15,0.0,0.15,0.15,0.15,0.09,0.04,0.13,0.09,0.13
213,Lyon,Duje Ćaleta-Car,CRO,DF,28.0,15.0,14.0,1247.0,13.9,1.0,0.0,1.0,1.0,0.0,0.0,7.0,0.0,1.7,1.7,0.1,1.9,3.0,36.0,0.0,0.07,0.0,0.07,0.07,0.07,0.13,0.01,0.13,0.13,0.13
214,Lyon,Ainsley Maitland-Niles,ENG,"DF,MF",27.0,19.0,12.0,1142.0,12.7,1.0,2.0,3.0,1.0,0.0,0.0,0.0,0.0,1.0,1.0,1.9,2.9,17.0,57.0,61.0,0.08,0.16,0.24,0.08,0.24,0.08,0.15,0.23,0.08,0.23
215,Lyon,Nicolás Tagliafico,ARG,DF,32.0,12.0,12.0,1026.0,11.4,2.0,1.0,3.0,2.0,0.0,0.0,4.0,0.0,1.6,1.6,0.4,2.0,16.0,59.0,29.0,0.18,0.09,0.26,0.18,0.26,0.14,0.04,0.18,0.14,0.18
216,Lyon,Rayan Cherki,FRA,"FW,MF",21.0,16.0,11.0,976.0,10.8,3.0,4.0,7.0,3.0,0.0,0.0,2.0,0.0,2.3,2.3,5.3,7.6,40.0,107.0,88.0,0.28,0.37,0.65,0.28,0.65,0.21,0.49,0.7,0.21,0.7
217,Lyon,Malick Fofana,BEL,"FW,MF",19.0,18.0,10.0,1004.0,11.2,3.0,3.0,6.0,3.0,0.0,0.0,1.0,0.0,2.7,2.7,1.6,4.3,64.0,35.0,123.0,0.27,0.27,0.54,0.27,0.54,0.24,0.14,0.39,0.24,0.39
218,Lyon,Abner,BRA,DF,24.0,12.0,9.0,789.0,8.8,1.0,0.0,1.0,1.0,0.0,0.0,1.0,0.0,0.2,0.2,0.4,0.6,19.0,48.0,45.0,0.11,0.0,0.11,0.11,0.11,0.02,0.04,0.06,0.02,0.06
219,Lyon,Saïd Benrahma,ALG,"FW,MF",29.0,13.0,9.0,735.0,8.2,1.0,3.0,4.0,1.0,0.0,0.0,0.0,0.0,2.0,2.0,2.1,4.0,41.0,32.0,109.0,0.12,0.37,0.49,0.12,0.49,0.24,0.25,0.49,0.24,0.49
220,Lyon,Ernest Nuamah,GHA,"FW,MF",21.0,15.0,7.0,647.0,7.2,1.0,0.0,1.0,1.0,0.0,0.0,1.0,0.0,1.6,1.6,0.7,2.3,30.0,22.0,80.0,0.14,0.0,0.14,0.14,0.14,0.22,0.1,0.32,0.22,0.32
221,Lyon,Georges Mikautadze,GEO,FW,24.0,20.0,6.0,738.0,8.2,4.0,1.0,5.0,3.0,1.0,2.0,1.0,0.0,5.1,3.4,1.1,4.5,22.0,31.0,74.0,0.49,0.12,0.61,0.37,0.49,0.62,0.13,0.75,0.42,0.55
222,Lyon,Maxence Caqueret,FRA,MF,24.0,9.0,6.0,573.0,6.4,0.0,0.0,0.0,0.0,0.0,0.0,1.0,0.0,0.7,0.7,0.4,1.1,14.0,50.0,15.0,0.0,0.0,0.0,0.0,0.0,0.1,0.07,0.17,0.1,0.17
223,Lyon,Sael Kumbedi,FRA,DF,19.0,6.0,5.0,417.0,4.6,0.0,0.0,0.0,0.0,0.0,0.0,1.0,0.0,0.0,0.0,0.2,0.2,11.0,16.0,34.0,0.0,0.0,0.0,0.0,0.0,0.0,0.04,0.04,0.0,0.04
224,Lyon,Tanner Tessmann,USA,MF,23.0,11.0,3.0,314.0,3.5,0.0,0.0,0.0,0.0,0.0,0.0,1.0,0.0,0.1,0.1,0.1,0.2,3.0,18.0,10.0,0.0,0.0,0.0,0.0,0.0,0.04,0.02,0.06,0.04,0.06
225,Lyon,Gift Orban,NGA,"FW,DF",22.0,3.0,2.0,186.0,2.1,2.0,0.0,2.0,2.0,0.0,0.0,1.0,0.0,1.2,1.2,0.0,1.2,1.0,2.0,12.0,0.97,0.0,0.97,0.97,0.97,0.59,0.01,0.6,0.59,0.6
226,Lyon,Wilfried Zaha,CIV,FW,32.0,4.0,1.0,73.0,0.8,0.0,0.0,0.0,0.0,0.0,0.0,0.0,0.0,0.1,0.1,0.0,0.1,1.0,1.0,9.0,0.0,0.0,0.0,0.0,0.0,0.07,0.0,0.07,0.07,0.07
227,Lyon,Orel Mangala,BEL,MF,26.0,1.0,1.0,67.0,0.7,0.0,0.0,0.0,0.0,0.0,0.0,0.0,0.0,0.1,0.1,0.0,0.1,1.0,7.0,3.0,0.0,0.0,0.0,0.0,0.0,0.07,0.03,0.1,0.07,0.1
228,Lyon,Mama Samba Baldé,GNB,FW,29.0,2.0,0.0,33.0,0.4,0.0,0.0,0.0,0.0,0.0,0.0,0.0,0.0,0.1,0.1,0.0,0.1,1.0,1.0,2.0,0.0,0.0,0.0,0.0,0.0,0.31,0.0,0.31,0.31,0.31
229,Lyon,Thiago Almada,ARG,"FW,MF",23.0,2.0,0.0,32.0,0.4,0.0,0.0,0.0,0.0,0.0,0.0,0.0,0.0,0.0,0.0,0.1,0.1,1.0,1.0,0.0,0.0,0.0,0.0,0.0,0.0,0.06,0.22,0.29,0.06,0.29
230,Lyon,Mahamadou Diawara,FRA,MF,19.0,2.0,0.0,16.0,0.2,0.0,0.0,0.0,0.0,0.0,0.0,0.0,0.0,0.0,0.0,0.0,0.0,1.0,1.0,0.0,0.0,0.0,0.0,0.0,0.0,0.0,0.0,0.0,0.0,0.0
231,Lyon,Warmed Omari,COM,DF,24.0,1.0,0.0,8.0,0.1,0.0,0.0,0.0,0.0,0.0,0.0,0.0,0.0,0.0,0.0,0.0,0.0,0.0,0.0,0.0,0.0,0.0,0.0,0.0,0.0,0.0,0.0,0.0,0.0,0.0
232,Lyon,Adryelson,BRA,DF,26.0,1.0,0.0,1.0,0.0,0.0,0.0,0.0,0.0,0.0,0.0,1.0,0.0,0.0,0.0,0.0,0.0,0.0,1.0,0.0,0.0,0.0,0.0,0.0,0.0,0.0,0.0,0.0,0.0,0.0
233,Lyon,Rémy Descamps,FRA,GK,28.0,0.0,0.0,0.0,0.0,0.0,0.0,0.0,0.0,0.0,0.0,0.0,0.0,0.0,0.0,0.0,0.0,0.0,0.0,0.0,0.0,0.0,0.0,0.0,0.0,0.0,0.0,0.0,0.0,0.0
234,Lyon,Anthony Lopes,POR,GK,34.0,0.0,0.0,0.0,0.0,0.0,0.0,0.0,0.0,0.0,0.0,0.0,0.0,0.0,0.0,0.0,0.0,0.0,0.0,0.0,0.0,0.0,0.0,0.0,0.0,0.0,0.0,0.0,0.0,0.0
235,Lyon,Enzo Molebe,FRA,FW,17.0,0.0,0.0,0.0,0.0,0.0,0.0,0.0,0.0,0.0,0.0,0.0,0.0,0.0,0.0,0.0,0.0,0.0,0.0,0.0,0.0,0.0,0.0,0.0,0.0,0.0,0.0,0.0,0.0,0.0
236,Brest,Marco Bizot,NED,GK,33.0,19.0,19.0,1710.0,19.0,0.0,0.0,0.0,0.0,0.0,0.0,1.0,0.0,0.0,0.0,0.0,0.0,0.0,0.0,0.0,0.0,0.0,0.0,0.0,0.0,0.0,0.0,0.0,0.0,0.0
237,Brest,Brendan Chardonnet,FRA,DF,30.0,18.0,18.0,1620.0,18.0,1.0,0.0,1.0,1.0,0.0,0.0,3.0,0.0,0.6,0.6,0.3,0.9,7.0,40.0,3.0,0.06,0.0,0.06,0.06,0.06,0.03,0.02,0.05,0.03,0.05
238,Brest,Mahdi Camara,FRA,MF,26.0,20.0,17.0,1474.0,16.4,3.0,2.0,5.0,3.0,0.0,0.0,4.0,0.0,1.9,1.9,1.4,3.3,29.0,60.0,51.0,0.18,0.12,0.31,0.18,0.31,0.11,0.09,0.2,0.11,0.2
239,Brest,Kenny Lala,MAD,DF,33.0,17.0,16.0,1516.0,16.8,2.0,1.0,3.0,0.0,2.0,2.0,2.0,0.0,2.1,0.6,0.9,1.5,35.0,74.0,38.0,0.12,0.06,0.18,0.0,0.06,0.13,0.05,0.18,0.03,0.09
240,Brest,Ludovic Ajorque,FRA,FW,30.0,18.0,16.0,1393.0,15.5,8.0,1.0,9.0,8.0,0.0,1.0,4.0,0.0,4.3,3.5,2.2,5.7,6.0,28.0,72.0,0.52,0.06,0.58,0.52,0.58,0.28,0.14,0.42,0.23,0.37
241,Brest,Hugo Magnetti,FRA,MF,26.0,19.0,15.0,1365.0,15.2,1.0,0.0,1.0,1.0,0.0,0.0,2.0,0.0,0.5,0.5,0.4,0.9,8.0,44.0,13.0,0.07,0.0,0.07,0.07,0.07,0.03,0.03,0.06,0.03,0.06
242,Brest,Romain Del Castillo,FRA,FW,28.0,18.0,12.0,1024.0,11.4,5.0,3.0,8.0,2.0,3.0,4.0,0.0,0.0,4.6,1.4,2.6,4.0,24.0,48.0,93.0,0.44,0.26,0.7,0.18,0.44,0.4,0.23,0.63,0.12,0.36
243,Brest,Mama Samba Baldé,GNB,FW,29.0,17.0,10.0,823.0,9.1,2.0,1.0,3.0,2.0,0.0,0.0,1.0,0.0,2.3,2.3,1.0,3.3,25.0,12.0,76.0,0.22,0.11,0.33,0.22,0.33,0.25,0.11,0.36,0.25,0.36
244,Brest,Abdoulaye Niakhate Ndiaye,SEN,DF,22.0,10.0,9.0,794.0,8.8,0.0,0.0,0.0,0.0,0.0,0.0,2.0,0.0,0.4,0.4,0.0,0.4,2.0,17.0,1.0,0.0,0.0,0.0,0.0,0.0,0.04,0.0,0.04,0.04,0.04
245,Brest,Julien Le Cardinal,FRA,DF,27.0,9.0,9.0,793.0,8.8,0.0,1.0,1.0,0.0,0.0,0.0,2.0,0.0,0.3,0.3,0.2,0.6,4.0,20.0,1.0,0.0,0.11,0.11,0.0,0.11,0.04,0.02,0.06,0.04,0.06
246,Brest,Massadio Haïdara,MLI,DF,32.0,10.0,9.0,696.0,7.7,0.0,0.0,0.0,0.0,0.0,0.0,3.0,1.0,0.2,0.2,0.1,0.3,13.0,33.0,30.0,0.0,0.0,0.0,0.0,0.0,0.02,0.02,0.04,0.02,0.04
247,Brest,Jordan Amavi,FRA,DF,30.0,11.0,8.0,790.0,8.8,0.0,0.0,0.0,0.0,0.0,0.0,2.0,0.0,0.3,0.3,0.2,0.4,22.0,36.0,21.0,0.0,0.0,0.0,0.0,0.0,0.03,0.02,0.05,0.03,0.05
248,Brest,Edimilson Fernandes,SUI,MF,28.0,12.0,8.0,713.0,7.9,0.0,1.0,1.0,0.0,0.0,0.0,1.0,0.0,0.3,0.3,0.5,0.9,3.0,22.0,1.0,0.0,0.13,0.13,0.0,0.13,0.04,0.07,0.11,0.04,0.11
249,Brest,Romain Faivre,FRA,"MF,FW",26.0,14.0,8.0,675.0,7.5,2.0,2.0,4.0,1.0,1.0,1.0,2.0,0.0,1.9,1.1,0.9,2.0,17.0,30.0,27.0,0.27,0.27,0.53,0.13,0.4,0.25,0.12,0.37,0.15,0.26
250,Brest,Kamory Doumbia,MLI,MF,21.0,17.0,7.0,782.0,8.7,1.0,1.0,2.0,1.0,0.0,0.0,0.0,0.0,0.7,0.7,0.8,1.5,7.0,41.0,32.0,0.12,0.12,0.23,0.12,0.23,0.08,0.09,0.17,0.08,0.17
251,Brest,Abdallah Sima,SEN,FW,23.0,15.0,7.0,634.0,7.0,3.0,2.0,5.0,3.0,0.0,0.0,2.0,0.0,2.3,2.3,0.5,2.8,23.0,12.0,45.0,0.43,0.28,0.71,0.43,0.71,0.33,0.07,0.4,0.33,0.4
252,Brest,Luc Zogbé,CIV,DF,19.0,11.0,7.0,580.0,6.4,0.0,0.0,0.0,0.0,0.0,0.0,1.0,0.0,0.2,0.2,0.1,0.3,4.0,18.0,18.0,0.0,0.0,0.0,0.0,0.0,0.03,0.02,0.05,0.03,0.05
253,Brest,Mathias Pereira Lage,POR,"FW,MF",28.0,16.0,6.0,546.0,6.1,1.0,2.0,3.0,1.0,0.0,0.0,2.0,0.0,0.8,0.8,1.2,2.0,8.0,11.0,32.0,0.16,0.33,0.49,0.16,0.49,0.13,0.2,0.34,0.13,0.34
254,Brest,Jonas Martin,FRA,MF,34.0,12.0,5.0,458.0,5.1,1.0,0.0,1.0,1.0,0.0,0.0,2.0,0.0,0.3,0.3,0.3,0.7,8.0,19.0,7.0,0.2,0.0,0.2,0.2,0.2,0.07,0.07,0.13,0.07,0.13
255,Brest,Pierre Lees-Melou,FRA,MF,31.0,7.0,5.0,426.0,4.7,0.0,0.0,0.0,0.0,0.0,0.0,2.0,0.0,0.4,0.4,0.1,0.5,11.0,38.0,9.0,0.0,0.0,0.0,0.0,0.0,0.09,0.01,0.1,0.09,0.1
256,Brest,Soumaïla Coulibaly,FRA,DF,21.0,6.0,4.0,393.0,4.4,0.0,0.0,0.0,0.0,0.0,0.0,0.0,0.0,0.1,0.1,0.1,0.2,1.0,14.0,0.0,0.0,0.0,0.0,0.0,0.0,0.03,0.02,0.05,0.03,0.05
257,Brest,Ibrahim Salah,MAR,FW,23.0,11.0,3.0,338.0,3.8,1.0,1.0,2.0,1.0,0.0,0.0,0.0,0.0,0.6,0.6,0.6,1.1,15.0,7.0,39.0,0.27,0.27,0.53,0.27,0.53,0.15,0.15,0.3,0.15,0.3
258,Brest,Jérémy Le Douaron,FRA,FW,26.0,2.0,1.0,102.0,1.1,0.0,0.0,0.0,0.0,0.0,0.0,0.0,0.0,0.2,0.2,0.0,0.2,1.0,1.0,7.0,0.0,0.0,0.0,0.0,0.0,0.14,0.0,0.14,0.14,0.14
259,Brest,Grégoire Coudert,FRA,GK,25.0,1.0,1.0,90.0,1.0,0.0,0.0,0.0,0.0,0.0,0.0,0.0,0.0,0.0,0.0,0.0,0.0,0.0,0.0,0.0,0.0,0.0,0.0,0.0,0.0,0.0,0.0,0.0,0.0,0.0
260,Brest,Axel Camblan,FRA,"MF,FW",21.0,2.0,0.0,26.0,0.3,0.0,0.0,0.0,0.0,0.0,0.0,0.0,0.0,0.0,0.0,0.0,0.0,2.0,2.0,1.0,0.0,0.0,0.0,0.0,0.0,0.17,0.0,0.17,0.17,0.17
261,Brest,Hianga Mananga Mbock,FRA,MF,25.0,1.0,0.0,21.0,0.2,0.0,0.0,0.0,0.0,0.0,0.0,0.0,0.0,0.0,0.0,0.0,0.0,0.0,0.0,0.0,0.0,0.0,0.0,0.0,0.0,0.07,0.0,0.07,0.07,0.07
262,Brest,Léo Botz,FRA,FW,20.0,0.0,0.0,0.0,0.0,0.0,0.0,0.0,0.0,0.0,0.0,0.0,0.0,0.0,0.0,0.0,0.0,0.0,0.0,0.0,0.0,0.0,0.0,0.0,0.0,0.0,0.0,0.0,0.0,0.0
263,Brest,Justin Bourgault,FRA,FW,19.0,0.0,0.0,0.0,0.0,0.0,0.0,0.0,0.0,0.0,0.0,0.0,0.0,0.0,0.0,0.0,0.0,0.0,0.0,0.0,0.0,0.0,0.0,0.0,0.0,0.0,0.0,0.0,0.0,0.0
264,Brest,Achraf Dari,MAR,DF,25.0,0.0,0.0,0.0,0.0,0.0,0.0,0.0,0.0,0.0,0.0,0.0,0.0,0.0,0.0,0.0,0.0,0.0,0.0,0.0,0.0,0.0,0.0,0.0,0.0,0.0,0.0,0.0,0.0,0.0
265,Brest,Sérigné Diop,SEN,FW,19.0,0.0,0.0,0.0,0.0,0.0,0.0,0.0,0.0,0.0,0.0,0.0,0.0,0.0,0.0,0.0,0.0,0.0,0.0,0.0,0.0,0.0,0.0,0.0,0.0,0.0,0.0,0.0,0.0,0.0
266,Brest,Paris Irie,FRA,DF,18.0,0.0,0.0,0.0,0.0,0.0,0.0,0.0,0.0,0.0,0.0,0.0,0.0,0.0,0.0,0.0,0.0,0.0,0.0,0.0,0.0,0.0,0.0,0.0,0.0,0.0,0.0,0.0,0.0,0.0
267,Brest,Noah Jauny,IRL,GK,20.0,0.0,0.0,0.0,0.0,0.0,0.0,0.0,0.0,0.0,0.0,0.0,0.0,0.0,0.0,0.0,0.0,0.0,0.0,0.0,0.0,0.0,0.0,0.0,0.0,0.0,0.0,0.0,0.0,0.0
268,Brest,Ibrahim Kanté,FRA,MF,17.0,0.0,0.0,0.0,0.0,0.0,0.0,0.0,0.0,0.0,0.0,0.0,0.0,0.0,0.0,0.0,0.0,0.0,0.0,0.0,0.0,0.0,0.0,0.0,0.0,0.0,0.0,0.0,0.0,0.0
269,Brest,Raphael Le Guen,FRA,DF,18.0,0.0,0.0,0.0,0.0,0.0,0.0,0.0,0.0,0.0,0.0,0.0,0.0,0.0,0.0,0.0,0.0,0.0,0.0,0.0,0.0,0.0,0.0,0.0,0.0,0.0,0.0,0.0,0.0,0.0
270,Strasbourg,Guela Doué,CIV,DF,22.0,19.0,19.0,1710.0,19.0,1.0,0.0,1.0,1.0,0.0,0.0,5.0,0.0,0.8,0.8,0.3,1.1,27.0,92.0,34.0,0.05,0.0,0.05,0.05,0.05,0.04,0.02,0.06,0.04,0.06
271,Strasbourg,Andrey Santos,BRA,MF,20.0,19.0,19.0,1685.0,18.7,7.0,1.0,8.0,7.0,0.0,0.0,4.0,0.0,3.4,3.4,2.1,5.5,19.0,91.0,19.0,0.37,0.05,0.43,0.37,0.43,0.18,0.11,0.3,0.18,0.3
272,Strasbourg,Habib Diarra,SEN,"MF,FW",21.0,19.0,19.0,1640.0,18.2,4.0,3.0,7.0,2.0,2.0,2.0,5.0,0.0,2.6,1.0,3.4,4.4,43.0,77.0,67.0,0.22,0.16,0.38,0.11,0.27,0.14,0.18,0.33,0.06,0.24
273,Strasbourg,Dilane Bakwa,FRA,"MF,FW",22.0,18.0,18.0,1553.0,17.3,2.0,5.0,7.0,2.0,0.0,0.0,1.0,0.0,2.8,2.8,3.9,6.7,63.0,71.0,145.0,0.12,0.29,0.41,0.12,0.41,0.16,0.22,0.39,0.16,0.39
274,Strasbourg,Ismaël Doukouré,FRA,"MF,DF",21.0,18.0,18.0,1509.0,16.8,0.0,1.0,1.0,0.0,0.0,0.0,6.0,0.0,0.1,0.1,0.7,0.8,12.0,63.0,5.0,0.0,0.06,0.06,0.0,0.06,0.0,0.04,0.05,0.0,0.05
275,Strasbourg,Diego Moreira,POR,"DF,MF",20.0,19.0,17.0,1541.0,17.1,1.0,4.0,5.0,1.0,0.0,0.0,4.0,0.0,1.3,1.3,4.1,5.4,46.0,48.0,124.0,0.06,0.23,0.29,0.06,0.29,0.07,0.24,0.31,0.07,0.31
276,Strasbourg,Đorđe Petrović,SRB,GK,25.0,17.0,17.0,1530.0,17.0,0.0,0.0,0.0,0.0,0.0,0.0,1.0,0.0,0.0,0.0,0.0,0.0,1.0,1.0,0.0,0.0,0.0,0.0,0.0,0.0,0.0,0.0,0.0,0.0,0.0
277,Strasbourg,Sebastian Nanasi,SWE,"FW,MF",22.0,18.0,17.0,1358.0,15.1,4.0,3.0,7.0,4.0,0.0,0.0,0.0,0.0,3.8,3.8,2.6,6.4,38.0,81.0,78.0,0.27,0.2,0.46,0.27,0.46,0.25,0.17,0.42,0.25,0.42
278,Strasbourg,Emanuel Emegha,NED,FW,22.0,15.0,15.0,1224.0,13.6,8.0,2.0,10.0,8.0,0.0,0.0,3.0,0.0,10.0,10.0,1.7,11.7,24.0,7.0,56.0,0.59,0.15,0.74,0.59,0.74,0.74,0.13,0.86,0.74,0.86
279,Strasbourg,Mamadou Sarr,FRA,DF,19.0,14.0,14.0,1217.0,13.5,0.0,1.0,1.0,0.0,0.0,0.0,2.0,0.0,0.2,0.2,0.2,0.5,3.0,23.0,1.0,0.0,0.07,0.07,0.0,0.07,0.02,0.02,0.03,0.02,0.03
280,Strasbourg,Saidou Sow,GUI,DF,22.0,12.0,11.0,1018.0,11.3,0.0,1.0,1.0,0.0,0.0,0.0,2.0,0.0,0.3,0.3,0.2,0.5,0.0,16.0,2.0,0.0,0.09,0.09,0.0,0.09,0.03,0.01,0.04,0.03,0.04
281,Strasbourg,Abakar Sylla,CIV,DF,22.0,13.0,8.0,652.0,7.2,1.0,0.0,1.0,1.0,0.0,0.0,2.0,0.0,0.4,0.4,0.0,0.4,0.0,9.0,2.0,0.14,0.0,0.14,0.14,0.14,0.06,0.0,0.06,0.06,0.06
282,Strasbourg,Félix Lemaréchal,FRA,"FW,MF",21.0,13.0,7.0,685.0,7.6,1.0,1.0,2.0,1.0,0.0,0.0,1.0,0.0,0.6,0.6,0.7,1.3,11.0,16.0,26.0,0.13,0.13,0.26,0.13,0.26,0.08,0.1,0.18,0.08,0.18
283,Strasbourg,Sekou Mara,FRA,"FW,MF",22.0,17.0,6.0,620.0,6.9,1.0,1.0,2.0,1.0,0.0,0.0,2.0,0.0,1.1,1.1,1.0,2.0,5.0,8.0,35.0,0.15,0.15,0.29,0.15,0.29,0.15,0.14,0.29,0.15,0.29
284,Strasbourg,Guimissongui Ouattara,FRA,"FW,DF",19.0,8.0,3.0,317.0,3.5,1.0,0.0,1.0,1.0,0.0,0.0,1.0,0.0,0.2,0.2,0.1,0.3,6.0,13.0,14.0,0.28,0.0,0.28,0.28,0.28,0.05,0.02,0.07,0.05,0.07
285,Strasbourg,Karl-Johan Johnsson,SWE,GK,35.0,3.0,3.0,270.0,3.0,0.0,0.0,0.0,0.0,0.0,0.0,0.0,0.0,0.0,0.0,0.0,0.0,0.0,0.0,0.0,0.0,0.0,0.0,0.0,0.0,0.0,0.0,0.0,0.0,0.0
286,Strasbourg,Caleb Wiley,USA,"DF,MF",20.0,6.0,3.0,266.0,3.0,0.0,1.0,1.0,0.0,0.0,0.0,1.0,0.0,0.0,0.0,0.7,0.7,3.0,7.0,9.0,0.0,0.34,0.34,0.0,0.34,0.01,0.23,0.24,0.01,0.24
287,Strasbourg,Junior Mwanga,FRA,MF,21.0,8.0,2.0,296.0,3.3,0.0,0.0,0.0,0.0,0.0,0.0,0.0,0.0,0.0,0.0,0.0,0.0,2.0,10.0,2.0,0.0,0.0,0.0,0.0,0.0,0.0,0.01,0.01,0.0,0.01
288,Strasbourg,Marvin Senaya,TOG,DF,24.0,10.0,1.0,227.0,2.5,0.0,0.0,0.0,0.0,0.0,0.0,3.0,0.0,0.0,0.0,0.1,0.1,1.0,5.0,2.0,0.0,0.0,0.0,0.0,0.0,0.01,0.05,0.06,0.01,0.06
289,Strasbourg,Jérémy Sebas,MTQ,"FW,MF",21.0,13.0,1.0,190.0,2.1,0.0,0.0,0.0,0.0,0.0,0.0,0.0,0.0,0.7,0.7,0.0,0.7,6.0,3.0,10.0,0.0,0.0,0.0,0.0,0.0,0.35,0.01,0.35,0.35,0.35
290,Strasbourg,Andrew Omobamidele,IRL,DF,22.0,2.0,1.0,136.0,1.5,0.0,0.0,0.0,0.0,0.0,0.0,0.0,0.0,0.0,0.0,0.0,0.0,0.0,1.0,0.0,0.0,0.0,0.0,0.0,0.0,0.0,0.0,0.0,0.0,0.0
291,Strasbourg,Pape Daouda Diongue,SEN,"MF,FW",0.0,7.0,1.0,73.0,0.8,1.0,0.0,1.0,1.0,0.0,0.0,0.0,0.0,1.0,1.0,0.2,1.2,2.0,2.0,3.0,1.23,0.0,1.23,1.23,1.23,1.26,0.24,1.5,1.26,1.5
292,Strasbourg,Eduard Sobol,UKR,DF,29.0,4.0,0.0,49.0,0.5,0.0,0.0,0.0,0.0,0.0,0.0,2.0,0.0,0.0,0.0,0.0,0.0,0.0,2.0,2.0,0.0,0.0,0.0,0.0,0.0,0.0,0.0,0.0,0.0,0.0
293,Strasbourg,Milos Lukovic,SRB,"FW,MF",19.0,2.0,0.0,12.0,0.1,0.0,0.0,0.0,0.0,0.0,0.0,0.0,0.0,0.0,0.0,0.0,0.0,0.0,0.0,0.0,0.0,0.0,0.0,0.0,0.0,0.0,0.0,0.0,0.0,0.0
294,Strasbourg,Nordine Kandil,FRA,MF,23.0,1.0,0.0,10.0,0.1,0.0,0.0,0.0,0.0,0.0,0.0,0.0,0.0,0.0,0.0,0.0,0.0,1.0,0.0,0.0,0.0,0.0,0.0,0.0,0.0,0.0,0.0,0.0,0.0,0.0
295,Strasbourg,Óscar Perea,COL,MF,19.0,1.0,0.0,7.0,0.1,0.0,0.0,0.0,0.0,0.0,0.0,0.0,0.0,0.0,0.0,0.0,0.0,1.0,1.0,2.0,0.0,0.0,0.0,0.0,0.0,0.0,0.0,0.0,0.0,0.0
296,Strasbourg,Karol Fila,POL,MF,26.0,1.0,0.0,5.0,0.1,0.0,0.0,0.0,0.0,0.0,0.0,1.0,0.0,0.0,0.0,0.0,0.0,0.0,0.0,0.0,0.0,0.0,0.0,0.0,0.0,0.0,0.0,0.0,0.0,0.0
297,Strasbourg,Amadou Cissé,GUI,FW,18.0,0.0,0.0,0.0,0.0,0.0,0.0,0.0,0.0,0.0,0.0,0.0,0.0,0.0,0.0,0.0,0.0,0.0,0.0,0.0,0.0,0.0,0.0,0.0,0.0,0.0,0.0,0.0,0.0,0.0
298,Strasbourg,Tidiane Diallo,FRA,FW,18.0,0.0,0.0,0.0,0.0,0.0,0.0,0.0,0.0,0.0,0.0,0.0,0.0,0.0,0.0,0.0,0.0,0.0,0.0,0.0,0.0,0.0,0.0,0.0,0.0,0.0,0.0,0.0,0.0,0.0
299,Strasbourg,Yoni Gomis,FRA,DF,19.0,0.0,0.0,0.0,0.0,0.0,0.0,0.0,0.0,0.0,0.0,0.0,0.0,0.0,0.0,0.0,0.0,0.0,0.0,0.0,0.0,0.0,0.0,0.0,0.0,0.0,0.0,0.0,0.0,0.0
300,Strasbourg,Rayane Messi Tanfouri,FRA,FW,17.0,0.0,0.0,0.0,0.0,0.0,0.0,0.0,0.0,0.0,0.0,0.0,0.0,0.0,0.0,0.0,0.0,0.0,0.0,0.0,0.0,0.0,0.0,0.0,0.0,0.0,0.0,0.0,0.0,0.0
301,Strasbourg,Samir El Mourabet,MAR,FW,19.0,0.0,0.0,0.0,0.0,0.0,0.0,0.0,0.0,0.0,0.0,0.0,0.0,0.0,0.0,0.0,0.0,0.0,0.0,0.0,0.0,0.0,0.0,0.0,0.0,0.0,0.0,0.0,0.0,0.0
302,Strasbourg,Rabby Nzingoula,CGO,MF,19.0,0.0,0.0,0.0,0.0,0.0,0.0,0.0,0.0,0.0,0.0,0.0,0.0,0.0,0.0,0.0,0.0,0.0,0.0,0.0,0.0,0.0,0.0,0.0,0.0,0.0,0.0,0.0,0.0,0.0
303,Strasbourg,Robin Risser,FRA,GK,20.0,0.0,0.0,0.0,0.0,0.0,0.0,0.0,0.0,0.0,0.0,0.0,0.0,0.0,0.0,0.0,0.0,0.0,0.0,0.0,0.0,0.0,0.0,0.0,0.0,0.0,0.0,0.0,0.0,0.0
304,Strasbourg,Ryan Tutu Mayangila,FRA,GK,19.0,0.0,0.0,0.0,0.0,0.0,0.0,0.0,0.0,0.0,0.0,0.0,0.0,0.0,0.0,0.0,0.0,0.0,0.0,0.0,0.0,0.0,0.0,0.0,0.0,0.0,0.0,0.0,0.0,0.0
305,Toulouse,Guillaume Restes,FRA,GK,19.0,20.0,20.0,1781.0,19.8,0.0,0.0,0.0,0.0,0.0,0.0,0.0,0.0,0.0,0.0,0.0,0.0,0.0,0.0,0.0,0.0,0.0,0.0,0.0,0.0,0.0,0.0,0.0,0.0,0.0
306,Toulouse,Yann Gboho,FRA,"MF,FW",24.0,20.0,19.0,1609.0,17.9,2.0,2.0,4.0,2.0,0.0,0.0,1.0,0.0,3.7,3.7,2.4,6.1,84.0,66.0,145.0,0.11,0.11,0.22,0.11,0.22,0.21,0.14,0.34,0.21,0.34
307,Toulouse,Zakaria Aboukhlal,MAR,"MF,FW",24.0,20.0,19.0,1600.0,17.8,6.0,2.0,8.0,5.0,1.0,2.0,4.0,0.0,9.4,7.8,1.5,9.3,28.0,21.0,142.0,0.34,0.11,0.45,0.28,0.39,0.53,0.08,0.61,0.44,0.52
308,Toulouse,Mark McKenzie,USA,DF,25.0,18.0,18.0,1594.0,17.7,1.0,0.0,1.0,1.0,0.0,0.0,1.0,0.0,0.8,0.8,0.4,1.2,5.0,60.0,3.0,0.06,0.0,0.06,0.06,0.06,0.05,0.02,0.07,0.05,0.07
309,Toulouse,Cristian Cásseres Jr.,VEN,MF,25.0,19.0,18.0,1553.0,17.3,1.0,1.0,2.0,1.0,0.0,0.0,7.0,0.0,0.5,0.5,1.4,1.9,15.0,73.0,22.0,0.06,0.06,0.12,0.06,0.12,0.03,0.08,0.11,0.03,0.11
310,Toulouse,Aron Dønnum,NOR,"DF,MF",26.0,19.0,18.0,1526.0,17.0,0.0,0.0,0.0,0.0,0.0,0.0,4.0,0.0,1.0,1.0,1.6,2.7,67.0,71.0,83.0,0.0,0.0,0.0,0.0,0.0,0.06,0.1,0.16,0.06,0.16
311,Toulouse,Charlie Cresswell,ENG,DF,22.0,18.0,16.0,1423.0,15.8,0.0,0.0,0.0,0.0,0.0,0.0,1.0,0.0,1.6,1.6,1.0,2.6,7.0,33.0,5.0,0.0,0.0,0.0,0.0,0.0,0.1,0.06,0.16,0.1,0.16
312,Toulouse,Vincent Sierro,SUI,MF,29.0,15.0,14.0,1235.0,13.7,1.0,1.0,2.0,0.0,1.0,1.0,2.0,0.0,1.2,0.4,2.5,2.9,8.0,95.0,14.0,0.07,0.07,0.15,0.0,0.07,0.09,0.18,0.27,0.03,0.21
313,Toulouse,Joshua King,NOR,"FW,MF",33.0,18.0,14.0,1138.0,12.6,4.0,2.0,6.0,4.0,0.0,0.0,2.0,0.0,4.4,4.4,1.6,6.0,25.0,22.0,74.0,0.32,0.16,0.47,0.32,0.47,0.35,0.13,0.47,0.35,0.47
314,Toulouse,Gabriel Suazo,CHI,DF,27.0,18.0,12.0,1183.0,13.1,0.0,3.0,3.0,0.0,0.0,0.0,0.0,0.0,0.2,0.2,2.4,2.6,27.0,63.0,64.0,0.0,0.23,0.23,0.0,0.23,0.01,0.18,0.19,0.01,0.19
315,Toulouse,Djibril Sidibé,FRA,DF,32.0,15.0,12.0,1088.0,12.1,0.0,2.0,2.0,0.0,0.0,0.0,1.0,0.0,0.3,0.3,2.0,2.3,5.0,71.0,24.0,0.0,0.17,0.17,0.0,0.17,0.02,0.17,0.19,0.02,0.19
316,Toulouse,Waren Kamanzi,NOR,"DF,MF",24.0,16.0,8.0,753.0,8.4,0.0,0.0,0.0,0.0,0.0,0.0,1.0,0.0,0.4,0.4,0.3,0.6,15.0,25.0,46.0,0.0,0.0,0.0,0.0,0.0,0.04,0.03,0.07,0.04,0.07
317,Toulouse,Rasmus Nicolaisen,DEN,DF,27.0,7.0,7.0,623.0,6.9,0.0,1.0,1.0,0.0,0.0,0.0,0.0,0.0,0.4,0.4,0.2,0.7,3.0,27.0,2.0,0.0,0.14,0.14,0.0,0.14,0.06,0.03,0.1,0.06,0.1
318,Toulouse,Frank Magri,CMR,FW,25.0,18.0,5.0,473.0,5.3,0.0,0.0,0.0,0.0,0.0,0.0,1.0,1.0,1.5,1.5,0.2,1.7,9.0,15.0,28.0,0.0,0.0,0.0,0.0,0.0,0.28,0.04,0.32,0.28,0.32
319,Toulouse,Jaydee Canvot,FRA,"DF,MF",18.0,7.0,5.0,436.0,4.8,0.0,0.0,0.0,0.0,0.0,0.0,1.0,0.0,0.1,0.1,0.3,0.5,3.0,20.0,0.0,0.0,0.0,0.0,0.0,0.0,0.03,0.07,0.1,0.03,0.1
320,Toulouse,Ümit Akdag,ROU,DF,21.0,5.0,5.0,356.0,4.0,0.0,0.0,0.0,0.0,0.0,0.0,1.0,0.0,0.1,0.1,0.0,0.1,3.0,24.0,7.0,0.0,0.0,0.0,0.0,0.0,0.02,0.01,0.03,0.02,0.03
321,Toulouse,Shavy Babicka,GAB,"MF,FW",24.0,19.0,4.0,593.0,6.6,4.0,0.0,4.0,4.0,0.0,0.0,1.0,0.0,2.5,2.5,0.9,3.5,19.0,12.0,78.0,0.61,0.0,0.61,0.61,0.61,0.38,0.14,0.53,0.38,0.53
322,Toulouse,Denis Genreau,AUS,MF,25.0,8.0,2.0,222.0,2.5,0.0,0.0,0.0,0.0,0.0,0.0,0.0,0.0,0.3,0.3,0.5,0.8,9.0,13.0,7.0,0.0,0.0,0.0,0.0,0.0,0.12,0.19,0.31,0.12,0.31
323,Toulouse,Niklas Schmidt,GER,MF,26.0,9.0,2.0,205.0,2.3,0.0,1.0,1.0,0.0,0.0,0.0,0.0,0.0,0.1,0.1,0.7,0.8,2.0,23.0,1.0,0.0,0.44,0.44,0.0,0.44,0.03,0.31,0.34,0.03,0.34
324,Toulouse,Miha Zajc,SVN,MF,30.0,12.0,1.0,190.0,2.1,0.0,0.0,0.0,0.0,0.0,0.0,2.0,0.0,0.1,0.1,0.1,0.2,5.0,17.0,4.0,0.0,0.0,0.0,0.0,0.0,0.06,0.03,0.08,0.06,0.08
325,Toulouse,Logan Costa,CPV,DF,23.0,1.0,1.0,90.0,1.0,0.0,0.0,0.0,0.0,0.0,0.0,0.0,0.0,0.0,0.0,0.5,0.5,1.0,4.0,1.0,0.0,0.0,0.0,0.0,0.0,0.0,0.5,0.5,0.0,0.5
326,Toulouse,Rafik Messali,FRA,DF,21.0,3.0,0.0,32.0,0.4,0.0,0.0,0.0,0.0,0.0,0.0,0.0,0.0,0.0,0.0,0.1,0.1,2.0,5.0,1.0,0.0,0.0,0.0,0.0,0.0,0.0,0.31,0.31,0.0,0.31
327,Toulouse,Álex Domínguez,ESP,GK,26.0,1.0,0.0,19.0,0.2,0.0,0.0,0.0,0.0,0.0,0.0,0.0,0.0,0.0,0.0,0.0,0.0,0.0,0.0,0.0,0.0,0.0,0.0,0.0,0.0,0.0,0.0,0.0,0.0,0.0
328,Toulouse,Edhy Zuliani,ITA,DF,20.0,1.0,0.0,9.0,0.1,0.0,0.0,0.0,0.0,0.0,0.0,0.0,0.0,0.0,0.0,0.0,0.0,0.0,0.0,0.0,0.0,0.0,0.0,0.0,0.0,0.0,0.0,0.0,0.0,0.0
329,Toulouse,Naatan Skyttä,FIN,FW,22.0,1.0,0.0,5.0,0.1,0.0,0.0,0.0,0.0,0.0,0.0,0.0,0.0,0.0,0.0,0.0,0.0,0.0,0.0,0.0,0.0,0.0,0.0,0.0,0.0,0.0,0.0,0.0,0.0,0.0
330,Toulouse,Mamady Bangré,BFA,MF,23.0,0.0,0.0,0.0,0.0,0.0,0.0,0.0,0.0,0.0,0.0,0.0,0.0,0.0,0.0,0.0,0.0,0.0,0.0,0.0,0.0,0.0,0.0,0.0,0.0,0.0,0.0,0.0,0.0,0.0
331,Toulouse,Noah Edjouma,FRA,FW,19.0,0.0,0.0,0.0,0.0,0.0,0.0,0.0,0.0,0.0,0.0,0.0,0.0,0.0,0.0,0.0,0.0,0.0,0.0,0.0,0.0,0.0,0.0,0.0,0.0,0.0,0.0,0.0,0.0,0.0
332,Toulouse,Kjetil Haug,NOR,GK,26.0,0.0,0.0,0.0,0.0,0.0,0.0,0.0,0.0,0.0,0.0,0.0,0.0,0.0,0.0,0.0,0.0,0.0,0.0,0.0,0.0,0.0,0.0,0.0,0.0,0.0,0.0,0.0,0.0,0.0
333,Toulouse,Dayann Methalie,FRA,DF,18.0,0.0,0.0,0.0,0.0,0.0,0.0,0.0,0.0,0.0,0.0,0.0,0.0,0.0,0.0,0.0,0.0,0.0,0.0,0.0,0.0,0.0,0.0,0.0,0.0,0.0,0.0,0.0,0.0,0.0
334,Toulouse,Mathis Saka,FRA,FW,18.0,0.0,0.0,0.0,0.0,0.0,0.0,0.0,0.0,0.0,0.0,0.0,0.0,0.0,0.0,0.0,0.0,0.0,0.0,0.0,0.0,0.0,0.0,0.0,0.0,0.0,0.0,0.0,0.0,0.0
335,Auxerre,Elisha Owusu,GHA,MF,27.0,19.0,19.0,1644.0,18.3,1.0,3.0,4.0,1.0,0.0,0.0,5.0,0.0,0.3,0.3,0.8,1.1,5.0,57.0,22.0,0.05,0.16,0.22,0.05,0.22,0.02,0.04,0.06,0.02,0.06
336,Auxerre,Donovan Léon,GUF,GK,32.0,18.0,18.0,1620.0,18.0,0.0,2.0,2.0,0.0,0.0,0.0,2.0,0.0,0.0,0.0,0.4,0.4,0.0,1.0,0.0,0.0,0.11,0.11,0.0,0.11,0.0,0.02,0.02,0.0,0.02
337,Auxerre,Clément Akpa,CIV,DF,23.0,19.0,17.0,1501.0,16.7,0.0,0.0,0.0,0.0,0.0,0.0,3.0,0.0,0.1,0.1,0.4,0.5,20.0,54.0,23.0,0.0,0.0,0.0,0.0,0.0,0.01,0.02,0.03,0.01,0.03
338,Auxerre,Jubal,BRA,DF,31.0,17.0,17.0,1477.0,16.4,2.0,0.0,2.0,0.0,2.0,3.0,5.0,0.0,3.2,0.8,0.4,1.2,0.0,18.0,2.0,0.12,0.0,0.12,0.0,0.0,0.19,0.03,0.22,0.05,0.07
339,Auxerre,Gaëtan Perrin,FRA,"MF,FW",28.0,20.0,17.0,1449.0,16.1,5.0,4.0,9.0,5.0,0.0,0.0,1.0,0.0,3.3,3.3,4.4,7.6,32.0,66.0,74.0,0.31,0.25,0.56,0.31,0.56,0.2,0.27,0.48,0.2,0.48
340,Auxerre,Lassine Sinayoko,MLI,"FW,MF",25.0,20.0,17.0,1431.0,15.9,2.0,4.0,6.0,1.0,1.0,1.0,4.0,0.0,2.9,2.1,3.3,5.5,35.0,39.0,126.0,0.13,0.25,0.38,0.06,0.31,0.18,0.21,0.39,0.13,0.34
341,Auxerre,Hamed Junior Traorè,CIV,"MF,FW",24.0,17.0,17.0,1425.0,15.8,8.0,1.0,9.0,8.0,0.0,0.0,3.0,0.0,5.1,5.1,1.8,6.9,47.0,67.0,95.0,0.51,0.06,0.57,0.51,0.57,0.32,0.11,0.43,0.32,0.43
342,Auxerre,Gideon Mensah,GHA,DF,26.0,15.0,14.0,1282.0,14.2,0.0,1.0,1.0,0.0,0.0,0.0,2.0,0.0,0.2,0.2,1.9,2.1,32.0,62.0,58.0,0.0,0.07,0.07,0.0,0.07,0.01,0.13,0.14,0.01,0.14
343,Auxerre,Ki-Jana Hoever,NED,DF,23.0,17.0,14.0,1141.0,12.7,0.0,1.0,1.0,0.0,0.0,0.0,2.0,1.0,0.2,0.2,1.2,1.3,30.0,44.0,64.0,0.0,0.08,0.08,0.0,0.08,0.01,0.09,0.11,0.01,0.11
344,Auxerre,Sinaly Diomande,CIV,DF,23.0,14.0,13.0,1150.0,12.8,3.0,2.0,5.0,3.0,0.0,0.0,3.0,0.0,1.0,1.0,0.5,1.5,2.0,42.0,4.0,0.23,0.16,0.39,0.23,0.39,0.08,0.04,0.12,0.08,0.12
345,Auxerre,Gabriel Osho,NGA,DF,26.0,13.0,13.0,1024.0,11.4,1.0,0.0,1.0,1.0,0.0,0.0,1.0,1.0,0.8,0.8,0.0,0.8,9.0,29.0,1.0,0.09,0.0,0.09,0.09,0.09,0.07,0.0,0.07,0.07,0.07
346,Auxerre,Kévin Danois,FRA,MF,20.0,14.0,10.0,886.0,9.8,0.0,0.0,0.0,0.0,0.0,0.0,0.0,0.0,0.7,0.7,0.8,1.5,13.0,68.0,31.0,0.0,0.0,0.0,0.0,0.0,0.07,0.08,0.15,0.07,0.15
347,Auxerre,Paul Joly,FRA,DF,24.0,14.0,8.0,726.0,8.1,0.0,1.0,1.0,0.0,0.0,0.0,3.0,1.0,0.4,0.4,1.1,1.5,20.0,36.0,47.0,0.0,0.12,0.12,0.0,0.12,0.05,0.14,0.19,0.05,0.19
348,Auxerre,Rayan Raveloson,MAD,"MF,DF",28.0,13.0,7.0,724.0,8.0,1.0,0.0,1.0,1.0,0.0,0.0,3.0,0.0,0.8,0.8,0.2,1.0,5.0,31.0,12.0,0.12,0.0,0.12,0.12,0.12,0.1,0.02,0.12,0.1,0.12
349,Auxerre,Ado Onaiwu,JPN,"MF,FW",29.0,19.0,5.0,554.0,6.2,2.0,0.0,2.0,2.0,0.0,0.0,0.0,1.0,3.2,3.2,0.4,3.7,10.0,17.0,58.0,0.32,0.0,0.32,0.32,0.32,0.52,0.07,0.59,0.52,0.59
350,Auxerre,Theo Bair,CAN,FW,25.0,17.0,4.0,443.0,4.9,1.0,0.0,1.0,1.0,0.0,0.0,1.0,0.0,1.6,1.6,0.6,2.2,5.0,12.0,21.0,0.2,0.0,0.2,0.2,0.2,0.32,0.13,0.45,0.32,0.45
351,Auxerre,Florian Ayé,FRA,FW,28.0,15.0,3.0,346.0,3.8,0.0,0.0,0.0,0.0,0.0,0.0,0.0,0.0,0.4,0.4,0.1,0.5,3.0,3.0,17.0,0.0,0.0,0.0,0.0,0.0,0.11,0.02,0.12,0.11,0.12
352,Auxerre,Han-Noah Massengo,FRA,MF,23.0,4.0,3.0,281.0,3.1,0.0,0.0,0.0,0.0,0.0,0.0,1.0,0.0,0.3,0.3,0.0,0.3,2.0,9.0,1.0,0.0,0.0,0.0,0.0,0.0,0.09,0.0,0.09,0.09,0.09
353,Auxerre,Assane Dioussé,SEN,MF,27.0,8.0,2.0,205.0,2.3,0.0,0.0,0.0,0.0,0.0,0.0,0.0,0.0,0.0,0.0,0.0,0.1,0.0,13.0,1.0,0.0,0.0,0.0,0.0,0.0,0.02,0.01,0.02,0.02,0.02
354,Auxerre,Théo De Percin,MTQ,GK,24.0,2.0,2.0,180.0,2.0,0.0,0.0,0.0,0.0,0.0,0.0,0.0,0.0,0.0,0.0,0.0,0.0,0.0,0.0,0.0,0.0,0.0,0.0,0.0,0.0,0.0,0.0,0.0,0.0,0.0
355,Auxerre,Théo Pellenard,FRA,DF,30.0,2.0,0.0,45.0,0.5,0.0,0.0,0.0,0.0,0.0,0.0,0.0,0.0,0.0,0.0,0.0,0.0,1.0,1.0,1.0,0.0,0.0,0.0,0.0,0.0,0.0,0.0,0.0,0.0,0.0
356,Auxerre,Lasso Coulibaly,GHA,"FW,MF",22.0,2.0,0.0,38.0,0.4,1.0,0.0,1.0,1.0,0.0,0.0,0.0,0.0,0.2,0.2,0.0,0.2,0.0,0.0,3.0,2.37,0.0,2.37,2.37,2.37,0.52,0.0,0.52,0.52,0.52
357,Auxerre,Aristide Zossou,CIV,MF,19.0,3.0,0.0,16.0,0.2,0.0,0.0,0.0,0.0,0.0,0.0,0.0,0.0,0.0,0.0,0.0,0.0,1.0,2.0,3.0,0.0,0.0,0.0,0.0,0.0,0.0,0.0,0.0,0.0,0.0
358,Auxerre,Eros Maddy,NED,DF,23.0,1.0,0.0,8.0,0.1,0.0,0.0,0.0,0.0,0.0,0.0,0.0,0.0,0.0,0.0,0.0,0.0,1.0,0.0,4.0,0.0,0.0,0.0,0.0,0.0,0.0,0.0,0.0,0.0,0.0
359,Auxerre,Loïc N'Gatta,FRA,DF,21.0,1.0,0.0,7.0,0.1,0.0,0.0,0.0,0.0,0.0,0.0,1.0,0.0,0.0,0.0,0.0,0.0,1.0,1.0,0.0,0.0,0.0,0.0,0.0,0.0,0.0,0.0,0.0,0.0,0.0
360,Auxerre,Ben Viadere,FRA,MF,19.0,1.0,0.0,5.0,0.1,0.0,0.0,0.0,0.0,0.0,0.0,0.0,0.0,0.0,0.0,0.0,0.0,1.0,0.0,1.0,0.0,0.0,0.0,0.0,0.0,0.0,0.85,0.85,0.0,0.85
361,Auxerre,Fredrik Oppegard,NOR,DF,22.0,1.0,0.0,3.0,0.0,0.0,0.0,0.0,0.0,0.0,0.0,0.0,0.0,0.0,0.0,0.0,0.0,0.0,0.0,0.0,0.0,0.0,0.0,0.0,0.0,0.0,0.0,0.0,0.0,0.0
362,Auxerre,Yoann Cissé,FRA,MF,20.0,1.0,0.0,1.0,0.0,0.0,0.0,0.0,0.0,0.0,0.0,0.0,0.0,0.0,0.0,0.0,0.0,0.0,0.0,0.0,0.0,0.0,0.0,0.0,0.0,0.0,0.0,0.0,0.0,0.0
363,Auxerre,Raphaël Adiceam,FRA,GK,34.0,0.0,0.0,0.0,0.0,0.0,0.0,0.0,0.0,0.0,0.0,0.0,0.0,0.0,0.0,0.0,0.0,0.0,0.0,0.0,0.0,0.0,0.0,0.0,0.0,0.0,0.0,0.0,0.0,0.0
364,Auxerre,Saad Agouzoul,MAR,DF,27.0,0.0,0.0,0.0,0.0,0.0,0.0,0.0,0.0,0.0,0.0,0.0,0.0,0.0,0.0,0.0,0.0,0.0,0.0,0.0,0.0,0.0,0.0,0.0,0.0,0.0,0.0,0.0,0.0,0.0
365,Auxerre,Neil Glossoa,FRA,FW,20.0,0.0,0.0,0.0,0.0,0.0,0.0,0.0,0.0,0.0,0.0,0.0,0.0,0.0,0.0,0.0,0.0,0.0,0.0,0.0,0.0,0.0,0.0,0.0,0.0,0.0,0.0,0.0,0.0,0.0
366,Auxerre,Madiou Keïta,GUI,DF,20.0,0.0,0.0,0.0,0.0,0.0,0.0,0.0,0.0,0.0,0.0,0.0,0.0,0.0,0.0,0.0,0.0,0.0,0.0,0.0,0.0,0.0,0.0,0.0,0.0,0.0,0.0,0.0,0.0,0.0
367,Auxerre,Victor Mayela,FRA,DF,20.0,0.0,0.0,0.0,0.0,0.0,0.0,0.0,0.0,0.0,0.0,0.0,0.0,0.0,0.0,0.0,0.0,0.0,0.0,0.0,0.0,0.0,0.0,0.0,0.0,0.0,0.0,0.0,0.0,0.0
368,Auxerre,Tom Negrel,FRA,GK,21.0,0.0,0.0,0.0,0.0,0.0,0.0,0.0,0.0,0.0,0.0,0.0,0.0,0.0,0.0,0.0,0.0,0.0,0.0,0.0,0.0,0.0,0.0,0.0,0.0,0.0,0.0,0.0,0.0,0.0
369,Angers,Yahia Fofana,CIV,GK,24.0,20.0,20.0,1800.0,20.0,0.0,0.0,0.0,0.0,0.0,0.0,3.0,0.0,0.0,0.0,0.0,0.0,0.0,0.0,0.0,0.0,0.0,0.0,0.0,0.0,0.0,0.0,0.0,0.0,0.0
370,Angers,Jordan Lefort,FRA,DF,31.0,20.0,20.0,1800.0,20.0,0.0,1.0,1.0,0.0,0.0,0.0,1.0,0.0,0.2,0.2,1.1,1.3,2.0,60.0,11.0,0.0,0.05,0.05,0.0,0.05,0.01,0.05,0.06,0.01,0.06
371,Angers,Himad Abdelli,ALG,"MF,FW",25.0,20.0,20.0,1772.0,19.7,4.0,1.0,5.0,2.0,2.0,3.0,2.0,0.0,4.2,1.8,2.8,4.6,77.0,145.0,87.0,0.2,0.05,0.25,0.1,0.15,0.21,0.14,0.35,0.09,0.23
372,Angers,Jean-Eudes Aholou,CIV,MF,30.0,19.0,19.0,1426.0,15.8,2.0,0.0,2.0,2.0,0.0,0.0,4.0,0.0,1.6,1.6,0.3,1.9,14.0,58.0,12.0,0.13,0.0,0.13,0.13,0.13,0.1,0.02,0.12,0.1,0.12
373,Angers,Carlens Arcus,HAI,DF,28.0,19.0,18.0,1454.0,16.2,0.0,1.0,1.0,0.0,0.0,0.0,2.0,0.0,0.0,0.0,1.2,1.2,27.0,44.0,52.0,0.0,0.06,0.06,0.0,0.06,0.0,0.07,0.07,0.0,0.07
374,Angers,Florent Hanin,ALG,DF,35.0,19.0,17.0,1477.0,16.4,1.0,2.0,3.0,1.0,0.0,0.0,1.0,0.0,0.8,0.8,1.4,2.2,27.0,66.0,74.0,0.06,0.12,0.18,0.06,0.18,0.05,0.08,0.13,0.05,0.13
375,Angers,Farid El Melali,ALG,FW,27.0,18.0,16.0,1292.0,14.4,1.0,2.0,3.0,1.0,0.0,0.0,1.0,0.0,1.9,1.9,2.7,4.6,48.0,24.0,76.0,0.07,0.14,0.21,0.07,0.21,0.13,0.19,0.32,0.13,0.32
376,Angers,Haris Belkebla,ALG,MF,31.0,16.0,15.0,1353.0,15.0,0.0,1.0,1.0,0.0,0.0,0.0,1.0,0.0,0.1,0.1,0.9,1.0,5.0,51.0,14.0,0.0,0.07,0.07,0.0,0.07,0.01,0.06,0.07,0.01,0.07
377,Angers,Jim Allevinah,GAB,FW,29.0,16.0,15.0,1053.0,11.7,0.0,3.0,3.0,0.0,0.0,0.0,3.0,0.0,2.0,2.0,2.2,4.2,26.0,33.0,60.0,0.0,0.26,0.26,0.0,0.26,0.17,0.19,0.36,0.17,0.36
378,Angers,Emmanuel Biumla,FRA,DF,19.0,14.0,13.0,1138.0,12.6,1.0,0.0,1.0,1.0,0.0,0.0,1.0,0.0,0.7,0.7,0.0,0.8,3.0,14.0,0.0,0.08,0.0,0.08,0.08,0.08,0.06,0.0,0.06,0.06,0.06
379,Angers,Ibrahima Niane,SEN,FW,25.0,15.0,7.0,712.0,7.9,3.0,1.0,4.0,2.0,1.0,1.0,0.0,0.0,4.9,4.1,1.0,5.0,15.0,5.0,41.0,0.38,0.13,0.51,0.25,0.38,0.61,0.12,0.73,0.51,0.63
380,Angers,Abdoulaye Bamba,CIV,DF,34.0,10.0,7.0,700.0,7.8,0.0,0.0,0.0,0.0,0.0,0.0,2.0,0.0,0.0,0.0,0.3,0.3,1.0,11.0,3.0,0.0,0.0,0.0,0.0,0.0,0.0,0.03,0.03,0.0,0.03
381,Angers,Yassin Belkhdim,FRA,"MF,FW",22.0,17.0,6.0,659.0,7.3,0.0,0.0,0.0,0.0,0.0,0.0,2.0,0.0,0.5,0.5,0.3,0.8,11.0,18.0,17.0,0.0,0.0,0.0,0.0,0.0,0.06,0.04,0.1,0.06,0.1
382,Angers,Esteban Lepaul,FRA,FW,24.0,16.0,6.0,624.0,6.9,5.0,0.0,5.0,5.0,0.0,0.0,0.0,0.0,2.8,2.8,0.2,3.1,12.0,11.0,26.0,0.72,0.0,0.72,0.72,0.72,0.41,0.04,0.44,0.41,0.44
383,Angers,Bamba Dieng,SEN,"FW,MF",24.0,13.0,4.0,426.0,4.7,2.0,0.0,2.0,2.0,0.0,0.0,1.0,0.0,2.3,2.3,0.0,2.3,5.0,4.0,27.0,0.42,0.0,0.42,0.42,0.42,0.48,0.0,0.48,0.48,0.48
384,Angers,Lilian Raolisoa,FRA,"DF,FW",24.0,16.0,3.0,373.0,4.1,0.0,2.0,2.0,0.0,0.0,0.0,0.0,2.0,0.3,0.3,1.3,1.6,9.0,17.0,19.0,0.0,0.48,0.48,0.0,0.48,0.07,0.31,0.38,0.07,0.38
385,Angers,Jacques Ekomie,GAB,DF,21.0,9.0,3.0,317.0,3.5,0.0,0.0,0.0,0.0,0.0,0.0,0.0,0.0,0.0,0.0,0.0,0.0,8.0,10.0,13.0,0.0,0.0,0.0,0.0,0.0,0.01,0.0,0.01,0.01,0.01
386,Angers,Sidiki Cherif,FRA,FW,18.0,5.0,3.0,282.0,3.1,0.0,0.0,0.0,0.0,0.0,0.0,0.0,0.0,0.4,0.4,0.2,0.6,8.0,2.0,14.0,0.0,0.0,0.0,0.0,0.0,0.14,0.06,0.19,0.14,0.19
387,Angers,Cédric Hountondji,BEN,DF,31.0,3.0,3.0,270.0,3.0,0.0,0.0,0.0,0.0,0.0,0.0,0.0,0.0,0.0,0.0,0.0,0.0,0.0,1.0,0.0,0.0,0.0,0.0,0.0,0.0,0.0,0.0,0.0,0.0,0.0
388,Angers,Zinedine Ferhat,ALG,"FW,MF",31.0,12.0,2.0,344.0,3.8,2.0,0.0,2.0,2.0,0.0,0.0,1.0,0.0,1.3,1.3,1.3,2.6,9.0,19.0,37.0,0.52,0.0,0.52,0.52,0.52,0.34,0.34,0.68,0.34,0.68
389,Angers,Pierrick Capelle,FRA,MF,37.0,10.0,2.0,292.0,3.2,0.0,0.0,0.0,0.0,0.0,0.0,2.0,0.0,0.1,0.1,0.0,0.1,4.0,12.0,10.0,0.0,0.0,0.0,0.0,0.0,0.04,0.0,0.04,0.04,0.04
390,Angers,Zinédine Ould Khaled,FRA,MF,25.0,2.0,1.0,57.0,0.6,0.0,0.0,0.0,0.0,0.0,0.0,1.0,0.0,0.0,0.0,0.0,0.0,0.0,2.0,2.0,0.0,0.0,0.0,0.0,0.0,0.0,0.0,0.0,0.0,0.0
391,Angers,Lois Diony,FRA,FW,32.0,1.0,0.0,21.0,0.2,0.0,0.0,0.0,0.0,0.0,0.0,0.0,0.0,0.0,0.0,0.0,0.0,0.0,0.0,2.0,0.0,0.0,0.0,0.0,0.0,0.0,0.0,0.0,0.0,0.0
392,Angers,Justin-Noël Kalumba,FRA,MF,20.0,1.0,0.0,12.0,0.1,0.0,0.0,0.0,0.0,0.0,0.0,0.0,0.0,0.0,0.0,0.0,0.0,0.0,0.0,3.0,0.0,0.0,0.0,0.0,0.0,0.13,0.0,0.13,0.13,0.13
393,Angers,Marius Courcoul,FRA,DF,18.0,0.0,0.0,0.0,0.0,0.0,0.0,0.0,0.0,0.0,0.0,0.0,0.0,0.0,0.0,0.0,0.0,0.0,0.0,0.0,0.0,0.0,0.0,0.0,0.0,0.0,0.0,0.0,0.0,0.0
394,Angers,Joseph Lopy,SEN,"DF,MF",32.0,0.0,0.0,0.0,0.0,0.0,0.0,0.0,0.0,0.0,0.0,0.0,0.0,0.0,0.0,0.0,0.0,0.0,0.0,0.0,0.0,0.0,0.0,0.0,0.0,0.0,0.0,0.0,0.0,0.0
395,Angers,Marius Louer,FRA,MF,17.0,0.0,0.0,0.0,0.0,0.0,0.0,0.0,0.0,0.0,0.0,0.0,0.0,0.0,0.0,0.0,0.0,0.0,0.0,0.0,0.0,0.0,0.0,0.0,0.0,0.0,0.0,0.0,0.0,0.0
396,Angers,Amine Moussaoui,FRA,FW,18.0,0.0,0.0,0.0,0.0,0.0,0.0,0.0,0.0,0.0,0.0,0.0,0.0,0.0,0.0,0.0,0.0,0.0,0.0,0.0,0.0,0.0,0.0,0.0,0.0,0.0,0.0,0.0,0.0,0.0
397,Angers,Melvin Zinga,FRA,GK,22.0,0.0,0.0,0.0,0.0,0.0,0.0,0.0,0.0,0.0,0.0,0.0,0.0,0.0,0.0,0.0,0.0,0.0,0.0,0.0,0.0,0.0,0.0,0.0,0.0,0.0,0.0,0.0,0.0,0.0
398,Reims,Yehvann Diouf,FRA,GK,25.0,20.0,20.0,1800.0,20.0,0.0,0.0,0.0,0.0,0.0,0.0,1.0,0.0,0.1,0.1,0.0,0.1,0.0,0.0,0.0,0.0,0.0,0.0,0.0,0.0,0.0,0.0,0.0,0.0,0.0
399,Reims,Junya Ito,JPN,FW,31.0,20.0,20.0,1759.0,19.5,4.0,3.0,7.0,4.0,0.0,0.0,0.0,0.0,3.4,3.4,5.5,8.9,84.0,93.0,184.0,0.2,0.15,0.36,0.2,0.36,0.17,0.28,0.45,0.17,0.45
400,Reims,Valentin Atangana Edoa,FRA,MF,19.0,20.0,20.0,1661.0,18.5,0.0,0.0,0.0,0.0,0.0,0.0,6.0,0.0,0.5,0.5,0.3,0.8,24.0,62.0,20.0,0.0,0.0,0.0,0.0,0.0,0.03,0.02,0.04,0.03,0.04
401,Reims,Marshall Munetsi,ZIM,MF,28.0,19.0,19.0,1692.0,18.8,4.0,2.0,6.0,4.0,0.0,0.0,5.0,0.0,4.0,4.0,2.0,5.9,8.0,26.0,48.0,0.21,0.11,0.32,0.21,0.32,0.21,0.11,0.32,0.21,0.32
402,Reims,Keito Nakamura,JPN,FW,24.0,20.0,19.0,1582.0,17.6,8.0,1.0,9.0,8.0,0.0,0.0,2.0,0.0,5.7,5.7,1.3,7.0,59.0,53.0,115.0,0.46,0.06,0.51,0.46,0.51,0.32,0.07,0.4,0.32,0.4
403,Reims,Oumar Diakité,CIV,FW,21.0,18.0,17.0,1304.0,14.5,4.0,1.0,5.0,4.0,0.0,0.0,5.0,0.0,4.4,4.4,1.0,5.4,19.0,38.0,71.0,0.28,0.07,0.35,0.28,0.35,0.31,0.07,0.37,0.31,0.37
404,Reims,Sergio Akieme,ESP,DF,27.0,17.0,16.0,1419.0,15.8,1.0,1.0,2.0,1.0,0.0,0.0,3.0,0.0,0.5,0.5,1.0,1.5,30.0,38.0,59.0,0.06,0.06,0.13,0.06,0.13,0.03,0.06,0.1,0.03,0.1
405,Reims,Aurélio Buta,POR,DF,27.0,17.0,16.0,1336.0,14.8,0.0,1.0,1.0,0.0,0.0,0.0,4.0,0.0,0.2,0.2,0.3,0.5,17.0,67.0,42.0,0.0,0.07,0.07,0.0,0.07,0.01,0.02,0.03,0.01,0.03
406,Reims,Cédric Kipré,CIV,DF,28.0,17.0,15.0,1332.0,14.8,0.0,1.0,1.0,0.0,0.0,0.0,3.0,0.0,0.5,0.5,0.6,1.1,8.0,51.0,1.0,0.0,0.07,0.07,0.0,0.07,0.03,0.04,0.07,0.03,0.07
407,Reims,Emmanuel Agbadou,CIV,DF,27.0,14.0,14.0,1260.0,14.0,0.0,0.0,0.0,0.0,0.0,0.0,3.0,0.0,0.5,0.5,0.3,0.8,10.0,77.0,0.0,0.0,0.0,0.0,0.0,0.0,0.04,0.02,0.06,0.04,0.06
408,Reims,Joseph Okumu,KEN,DF,27.0,11.0,9.0,831.0,9.2,1.0,0.0,1.0,1.0,0.0,0.0,4.0,1.0,0.5,0.5,0.0,0.5,12.0,59.0,1.0,0.11,0.0,0.11,0.11,0.11,0.05,0.0,0.06,0.05,0.06
409,Reims,Yaya Kader Fofana,MLI,"MF,FW",20.0,12.0,8.0,634.0,7.0,1.0,1.0,2.0,1.0,0.0,0.0,4.0,0.0,0.6,0.6,1.7,2.3,19.0,22.0,29.0,0.14,0.14,0.28,0.14,0.28,0.09,0.24,0.32,0.09,0.32
410,Reims,Amadou Koné,MLI,MF,19.0,11.0,7.0,528.0,5.9,0.0,0.0,0.0,0.0,0.0,0.0,1.0,1.0,0.1,0.1,0.0,0.1,11.0,37.0,5.0,0.0,0.0,0.0,0.0,0.0,0.02,0.01,0.03,0.02,0.03
411,Reims,Nhoa Sangui,FRA,"DF,MF",18.0,17.0,6.0,737.0,8.2,0.0,1.0,1.0,0.0,0.0,0.0,2.0,0.0,0.1,0.1,0.3,0.4,6.0,28.0,37.0,0.0,0.12,0.12,0.0,0.12,0.01,0.04,0.05,0.01,0.05
412,Reims,Teddy Teuma,MLT,MF,31.0,13.0,6.0,537.0,6.0,1.0,0.0,1.0,0.0,1.0,1.0,1.0,0.0,1.4,0.6,1.0,1.6,5.0,29.0,29.0,0.17,0.0,0.17,0.0,0.0,0.23,0.17,0.4,0.1,0.27
413,Reims,Amine Salama,FRA,FW,24.0,17.0,2.0,373.0,4.1,0.0,0.0,0.0,0.0,0.0,0.0,0.0,0.0,0.7,0.7,0.3,1.0,12.0,9.0,28.0,0.0,0.0,0.0,0.0,0.0,0.17,0.08,0.25,0.17,0.25
414,Reims,Thibault De Smet,BEL,DF,26.0,5.0,2.0,192.0,2.1,0.0,0.0,0.0,0.0,0.0,0.0,0.0,0.0,0.1,0.1,0.0,0.1,1.0,9.0,2.0,0.0,0.0,0.0,0.0,0.0,0.07,0.0,0.07,0.07,0.07
415,Reims,John Joe,IRL,MF,21.0,2.0,2.0,129.0,1.4,0.0,0.0,0.0,0.0,0.0,0.0,0.0,0.0,0.0,0.0,0.0,0.0,1.0,5.0,1.0,0.0,0.0,0.0,0.0,0.0,0.0,0.0,0.0,0.0,0.0
416,Reims,Mamadou Diakhon,FRA,"FW,MF",19.0,16.0,1.0,297.0,3.3,1.0,0.0,1.0,1.0,0.0,0.0,2.0,0.0,0.2,0.2,0.2,0.4,26.0,11.0,36.0,0.3,0.0,0.3,0.3,0.3,0.07,0.06,0.13,0.07,0.13
417,Reims,Abdoul Koné,FRA,DF,19.0,3.0,1.0,120.0,1.3,0.0,0.0,0.0,0.0,0.0,0.0,0.0,0.0,0.0,0.0,0.0,0.0,0.0,3.0,0.0,0.0,0.0,0.0,0.0,0.0,0.0,0.0,0.0,0.0,0.0
418,Reims,Reda Khadra,GER,"MF,FW",23.0,4.0,0.0,78.0,0.9,0.0,0.0,0.0,0.0,0.0,0.0,0.0,0.0,0.0,0.0,0.0,0.0,4.0,4.0,7.0,0.0,0.0,0.0,0.0,0.0,0.0,0.03,0.03,0.0,0.03
419,Reims,Gabriel Moscardo,BRA,MF,19.0,3.0,0.0,32.0,0.4,0.0,0.0,0.0,0.0,0.0,0.0,0.0,0.0,0.0,0.0,0.0,0.0,0.0,2.0,0.0,0.0,0.0,0.0,0.0,0.0,0.08,0.0,0.08,0.08,0.08
420,Reims,Niama Sissoko,MLI,"FW,MF",19.0,3.0,0.0,31.0,0.3,0.0,0.0,0.0,0.0,0.0,0.0,0.0,0.0,0.3,0.3,0.0,0.3,1.0,0.0,2.0,0.0,0.0,0.0,0.0,0.0,0.82,0.0,0.82,0.82,0.82
421,Reims,Martin Adeline,FRA,MF,21.0,1.0,0.0,26.0,0.3,0.0,0.0,0.0,0.0,0.0,0.0,0.0,0.0,0.0,0.0,0.0,0.0,1.0,0.0,1.0,0.0,0.0,0.0,0.0,0.0,0.0,0.0,0.0,0.0,0.0
422,Reims,Mohammed Daramy,DEN,FW,23.0,2.0,0.0,16.0,0.2,0.0,0.0,0.0,0.0,0.0,0.0,0.0,0.0,0.0,0.0,0.1,0.1,3.0,0.0,2.0,0.0,0.0,0.0,0.0,0.0,0.2,0.32,0.51,0.2,0.51
423,Reims,Mohamed Bamba,CIV,MF,20.0,2.0,0.0,10.0,0.1,0.0,0.0,0.0,0.0,0.0,0.0,0.0,0.0,0.0,0.0,0.0,0.0,0.0,3.0,0.0,0.0,0.0,0.0,0.0,0.0,0.0,0.0,0.0,0.0,0.0
424,Reims,Eloge Zabi,CIV,MF,18.0,1.0,0.0,6.0,0.1,0.0,0.0,0.0,0.0,0.0,0.0,0.0,0.0,0.0,0.0,0.0,0.0,0.0,2.0,0.0,0.0,0.0,0.0,0.0,0.0,0.0,0.0,0.0,0.0,0.0
425,Reims,Hiroki Sekine,JPN,FW,22.0,1.0,0.0,1.0,0.0,0.0,0.0,0.0,0.0,0.0,0.0,0.0,0.0,0.0,0.0,0.0,0.0,0.0,0.0,0.0,0.0,0.0,0.0,0.0,0.0,0.0,0.0,0.0,0.0,0.0
426,Reims,Mohamed Ali Diadie,FRA,FW,20.0,0.0,0.0,0.0,0.0,0.0,0.0,0.0,0.0,0.0,0.0,0.0,0.0,0.0,0.0,0.0,0.0,0.0,0.0,0.0,0.0,0.0,0.0,0.0,0.0,0.0,0.0,0.0,0.0,0.0
427,Reims,Adama Bojang,GAM,FW,20.0,0.0,0.0,0.0,0.0,0.0,0.0,0.0,0.0,0.0,0.0,0.0,0.0,0.0,0.0,0.0,0.0,0.0,0.0,0.0,0.0,0.0,0.0,0.0,0.0,0.0,0.0,0.0,0.0,0.0
428,Reims,Maxime Busi,BEL,DF,25.0,0.0,0.0,0.0,0.0,0.0,0.0,0.0,0.0,0.0,0.0,0.0,0.0,0.0,0.0,0.0,0.0,0.0,0.0,0.0,0.0,0.0,0.0,0.0,0.0,0.0,0.0,0.0,0.0,0.0
429,Reims,Ludovic Butelle,FRA,GK,41.0,0.0,0.0,0.0,0.0,0.0,0.0,0.0,0.0,0.0,0.0,0.0,0.0,0.0,0.0,0.0,0.0,0.0,0.0,0.0,0.0,0.0,0.0,0.0,0.0,0.0,0.0,0.0,0.0,0.0
430,Reims,Kobi Henry,USA,DF,20.0,0.0,0.0,0.0,0.0,0.0,0.0,0.0,0.0,0.0,0.0,0.0,0.0,0.0,0.0,0.0,0.0,0.0,0.0,0.0,0.0,0.0,0.0,0.0,0.0,0.0,0.0,0.0,0.0,0.0
431,Reims,Hafiz Ibrahim,NGA,FW,19.0,0.0,0.0,0.0,0.0,0.0,0.0,0.0,0.0,0.0,0.0,0.0,0.0,0.0,0.0,0.0,0.0,0.0,0.0,0.0,0.0,0.0,0.0,0.0,0.0,0.0,0.0,0.0,0.0,0.0
432,Reims,Malcolm Jeng,SWE,DF,19.0,0.0,0.0,0.0,0.0,0.0,0.0,0.0,0.0,0.0,0.0,0.0,0.0,0.0,0.0,0.0,0.0,0.0,0.0,0.0,0.0,0.0,0.0,0.0,0.0,0.0,0.0,0.0,0.0,0.0
433,Reims,Alexandre Olliero,FRA,GK,28.0,0.0,0.0,0.0,0.0,0.0,0.0,0.0,0.0,0.0,0.0,0.0,0.0,0.0,0.0,0.0,0.0,0.0,0.0,0.0,0.0,0.0,0.0,0.0,0.0,0.0,0.0,0.0,0.0,0.0
434,Reims,Ike Orazi,IRL,FW,17.0,0.0,0.0,0.0,0.0,0.0,0.0,0.0,0.0,0.0,0.0,0.0,0.0,0.0,0.0,0.0,0.0,0.0,0.0,0.0,0.0,0.0,0.0,0.0,0.0,0.0,0.0,0.0,0.0,0.0
435,Nantes,Matthis Abline,FRA,FW,21.0,20.0,19.0,1585.0,17.6,6.0,1.0,7.0,5.0,1.0,1.0,1.0,0.0,5.6,4.8,2.3,7.1,41.0,32.0,103.0,0.34,0.06,0.4,0.28,0.34,0.32,0.13,0.45,0.27,0.4
436,Nantes,Jean-Charles Castelletto,CMR,"DF,MF",30.0,18.0,18.0,1602.0,17.8,0.0,0.0,0.0,0.0,0.0,0.0,4.0,0.0,1.0,1.0,0.0,1.0,11.0,64.0,7.0,0.0,0.0,0.0,0.0,0.0,0.06,0.0,0.06,0.06,0.06
437,Nantes,Moses Simon,NGA,"FW,MF",29.0,18.0,18.0,1519.0,16.9,5.0,6.0,11.0,3.0,2.0,2.0,1.0,0.0,3.5,1.9,3.2,5.1,95.0,36.0,139.0,0.3,0.36,0.65,0.18,0.53,0.21,0.19,0.39,0.11,0.3
438,Nantes,Pedro Chirivella,ESP,MF,27.0,19.0,18.0,1511.0,16.8,0.0,2.0,2.0,0.0,0.0,0.0,3.0,0.0,0.2,0.2,1.1,1.3,6.0,102.0,15.0,0.0,0.12,0.12,0.0,0.12,0.01,0.07,0.07,0.01,0.07
439,Nantes,Douglas,BRA,MF,28.0,16.0,16.0,1339.0,14.9,2.0,2.0,4.0,2.0,0.0,0.0,4.0,0.0,2.0,2.0,1.1,3.1,6.0,80.0,24.0,0.13,0.13,0.27,0.13,0.27,0.14,0.07,0.21,0.14,0.21
440,Nantes,Nicolas Cozza,FRA,DF,26.0,17.0,15.0,1367.0,15.2,1.0,0.0,1.0,1.0,0.0,0.0,2.0,0.0,1.1,1.1,1.4,2.5,18.0,45.0,31.0,0.07,0.0,0.07,0.07,0.07,0.07,0.09,0.16,0.07,0.16
441,Nantes,Johann Lepenant,FRA,MF,22.0,16.0,14.0,1232.0,13.7,2.0,1.0,3.0,2.0,0.0,0.0,3.0,0.0,1.0,1.0,0.9,1.9,19.0,57.0,48.0,0.15,0.07,0.22,0.15,0.22,0.07,0.06,0.14,0.07,0.14
442,Nantes,Kelvin Amian,FRA,"DF,MF",26.0,17.0,13.0,1237.0,13.7,1.0,0.0,1.0,1.0,0.0,0.0,1.0,0.0,0.2,0.2,0.4,0.6,22.0,39.0,49.0,0.07,0.0,0.07,0.07,0.07,0.01,0.03,0.04,0.01,0.04
443,Nantes,Nicolas Pallois,FRA,DF,37.0,15.0,13.0,1172.0,13.0,0.0,1.0,1.0,0.0,0.0,0.0,7.0,0.0,0.0,0.0,0.1,0.1,2.0,24.0,3.0,0.0,0.08,0.08,0.0,0.08,0.0,0.01,0.01,0.0,0.01
444,Nantes,Alban Lafont,FRA,GK,26.0,12.0,12.0,1080.0,12.0,0.0,0.0,0.0,0.0,0.0,0.0,1.0,0.0,0.0,0.0,0.0,0.0,0.0,0.0,0.0,0.0,0.0,0.0,0.0,0.0,0.0,0.0,0.0,0.0,0.0
445,Nantes,Nathan Zeze,FRA,DF,19.0,12.0,12.0,1043.0,11.6,0.0,0.0,0.0,0.0,0.0,0.0,3.0,0.0,0.2,0.2,0.0,0.2,2.0,30.0,0.0,0.0,0.0,0.0,0.0,0.0,0.02,0.0,0.02,0.02,0.02
446,Nantes,Sorba Thomas,WAL,"FW,MF",25.0,16.0,9.0,839.0,9.3,1.0,2.0,3.0,1.0,0.0,0.0,1.0,0.0,1.3,1.3,2.4,3.6,32.0,28.0,68.0,0.11,0.21,0.32,0.11,0.32,0.14,0.26,0.39,0.14,0.39
447,Nantes,Jean-Kevin Duverne,HAI,DF,27.0,9.0,7.0,537.0,6.0,0.0,0.0,0.0,0.0,0.0,0.0,2.0,0.0,0.3,0.3,0.1,0.4,6.0,22.0,8.0,0.0,0.0,0.0,0.0,0.0,0.05,0.02,0.06,0.05,0.06
448,Nantes,Marcus Coco,FRA,DF,28.0,11.0,6.0,559.0,6.2,0.0,1.0,1.0,0.0,0.0,0.0,3.0,1.0,0.0,0.0,0.5,0.5,7.0,25.0,23.0,0.0,0.16,0.16,0.0,0.16,0.0,0.07,0.08,0.0,0.08
449,Nantes,Tino Kadewere,ZIM,"MF,FW",29.0,8.0,6.0,475.0,5.3,1.0,2.0,3.0,1.0,0.0,0.0,1.0,0.0,1.6,1.6,1.0,2.5,4.0,16.0,25.0,0.19,0.38,0.57,0.19,0.57,0.3,0.18,0.48,0.3,0.48
450,Nantes,Mostafa Mohamed,EGY,FW,27.0,17.0,5.0,616.0,6.8,3.0,0.0,3.0,3.0,0.0,0.0,2.0,0.0,3.1,3.1,0.2,3.2,9.0,15.0,30.0,0.44,0.0,0.44,0.44,0.44,0.45,0.02,0.47,0.45,0.47
451,Nantes,Anthony Lopes,POR,GK,34.0,5.0,5.0,450.0,5.0,0.0,0.0,0.0,0.0,0.0,0.0,0.0,0.0,0.0,0.0,0.0,0.0,0.0,0.0,0.0,0.0,0.0,0.0,0.0,0.0,0.0,0.0,0.0,0.0,0.0
452,Nantes,Patrik Carlgren,SWE,GK,33.0,3.0,3.0,270.0,3.0,0.0,0.0,0.0,0.0,0.0,0.0,0.0,0.0,0.0,0.0,0.0,0.0,0.0,0.0,0.0,0.0,0.0,0.0,0.0,0.0,0.0,0.0,0.0,0.0,0.0
453,Nantes,Florent Mollet,FRA,"MF,FW",33.0,8.0,3.0,233.0,2.6,0.0,0.0,0.0,0.0,0.0,0.0,1.0,0.0,0.3,0.3,0.3,0.7,3.0,8.0,12.0,0.0,0.0,0.0,0.0,0.0,0.12,0.13,0.25,0.12,0.25
454,Nantes,Bahereba Guirassy,FRA,"FW,MF",18.0,11.0,2.0,251.0,2.8,2.0,0.0,2.0,2.0,0.0,0.0,0.0,0.0,0.6,0.6,0.1,0.6,9.0,4.0,21.0,0.72,0.0,0.72,0.72,0.72,0.21,0.02,0.23,0.21,0.23
455,Nantes,Jean-Philippe Gbamin,CIV,MF,29.0,14.0,2.0,216.0,2.4,0.0,0.0,0.0,0.0,0.0,0.0,1.0,0.0,0.5,0.5,0.0,0.5,2.0,12.0,1.0,0.0,0.0,0.0,0.0,0.0,0.22,0.0,0.22,0.22,0.22
456,Nantes,Saidou Sow,GUI,DF,22.0,2.0,2.0,180.0,2.0,0.0,0.0,0.0,0.0,0.0,0.0,0.0,0.0,0.0,0.0,0.0,0.0,1.0,4.0,0.0,0.0,0.0,0.0,0.0,0.0,0.0,0.0,0.0,0.0,0.0
457,Nantes,Ignatius Ganago,CMR,"FW,MF",25.0,11.0,1.0,241.0,2.7,0.0,0.0,0.0,0.0,0.0,0.0,1.0,0.0,0.4,0.4,0.3,0.7,5.0,9.0,26.0,0.0,0.0,0.0,0.0,0.0,0.15,0.09,0.25,0.15,0.25
458,Nantes,Fabien Centonze,FRA,DF,29.0,2.0,1.0,78.0,0.9,0.0,0.0,0.0,0.0,0.0,0.0,0.0,0.0,0.0,0.0,0.2,0.2,3.0,8.0,13.0,0.0,0.0,0.0,0.0,0.0,0.0,0.17,0.17,0.0,0.17
459,Nantes,Louis Leroux,FRA,"MF,DF",19.0,5.0,0.0,79.0,0.9,0.0,0.0,0.0,0.0,0.0,0.0,0.0,0.0,0.0,0.0,0.2,0.2,2.0,5.0,2.0,0.0,0.0,0.0,0.0,0.0,0.0,0.23,0.23,0.0,0.23
460,Nantes,Dehmaine Assoumani,FRA,"MF,FW",19.0,8.0,0.0,72.0,0.8,0.0,0.0,0.0,0.0,0.0,0.0,0.0,0.0,0.1,0.1,0.9,1.0,4.0,1.0,13.0,0.0,0.0,0.0,0.0,0.0,0.11,1.08,1.19,0.11,1.19
461,Nantes,Mathieu Acapandié,FRA,DF,20.0,0.0,0.0,0.0,0.0,0.0,0.0,0.0,0.0,0.0,0.0,0.0,0.0,0.0,0.0,0.0,0.0,0.0,0.0,0.0,0.0,0.0,0.0,0.0,0.0,0.0,0.0,0.0,0.0,0.0
462,Nantes,Hugo Barbet,FRA,GK,23.0,0.0,0.0,0.0,0.0,0.0,0.0,0.0,0.0,0.0,0.0,0.0,0.0,0.0,0.0,0.0,0.0,0.0,0.0,0.0,0.0,0.0,0.0,0.0,0.0,0.0,0.0,0.0,0.0,0.0
463,Nantes,Sékou Doucoure,FRA,DF,19.0,0.0,0.0,0.0,0.0,0.0,0.0,0.0,0.0,0.0,0.0,0.0,0.0,0.0,0.0,0.0,0.0,0.0,0.0,0.0,0.0,0.0,0.0,0.0,0.0,0.0,0.0,0.0,0.0,0.0
464,Rennes,Ludovic Blas,FRA,"MF,FW",27.0,20.0,19.0,1652.0,18.4,6.0,6.0,12.0,6.0,0.0,0.0,4.0,0.0,4.2,4.2,2.9,7.1,56.0,81.0,145.0,0.33,0.33,0.65,0.33,0.65,0.23,0.16,0.38,0.23,0.38
465,Rennes,Arnaud Kalimuendo,FRA,FW,23.0,19.0,18.0,1490.0,16.6,8.0,0.0,8.0,4.0,4.0,5.0,2.0,0.0,6.8,3.3,1.0,4.3,21.0,44.0,103.0,0.48,0.0,0.48,0.24,0.24,0.41,0.06,0.47,0.2,0.26
466,Rennes,Adrien Truffert,FRA,"DF,MF",23.0,19.0,17.0,1492.0,16.6,1.0,0.0,1.0,1.0,0.0,0.0,3.0,0.0,1.5,1.5,0.8,2.3,38.0,70.0,100.0,0.06,0.0,0.06,0.06,0.06,0.09,0.05,0.14,0.09,0.14
467,Rennes,Azor Matusiwa,NED,MF,26.0,18.0,17.0,1462.0,16.2,0.0,0.0,0.0,0.0,0.0,0.0,2.0,0.0,0.2,0.2,0.8,1.1,8.0,93.0,10.0,0.0,0.0,0.0,0.0,0.0,0.01,0.05,0.07,0.01,0.07
468,Rennes,Steve Mandanda,FRA,GK,39.0,16.0,16.0,1395.0,15.5,0.0,0.0,0.0,0.0,0.0,0.0,0.0,0.0,0.0,0.0,0.1,0.1,0.0,0.0,1.0,0.0,0.0,0.0,0.0,0.0,0.0,0.01,0.01,0.0,0.01
469,Rennes,Hans Hateboer,NED,DF,31.0,20.0,15.0,1379.0,15.3,0.0,0.0,0.0,0.0,0.0,0.0,3.0,0.0,0.4,0.4,1.4,1.8,19.0,77.0,54.0,0.0,0.0,0.0,0.0,0.0,0.03,0.09,0.12,0.03,0.12
470,Rennes,Christopher Wooh,CMR,DF,23.0,16.0,14.0,1235.0,13.7,0.0,0.0,0.0,0.0,0.0,0.0,3.0,0.0,1.3,1.3,0.0,1.3,13.0,50.0,2.0,0.0,0.0,0.0,0.0,0.0,0.1,0.0,0.1,0.1,0.1
471,Rennes,Leo Skiri Østigård,NOR,DF,25.0,16.0,14.0,1227.0,13.6,1.0,0.0,1.0,1.0,0.0,0.0,4.0,0.0,0.7,0.7,0.2,0.9,3.0,50.0,1.0,0.07,0.0,0.07,0.07,0.07,0.05,0.02,0.07,0.05,0.07
472,Rennes,Lorenz Assignon,TOG,"DF,MF",24.0,18.0,14.0,1215.0,13.5,1.0,2.0,3.0,1.0,0.0,0.0,6.0,0.0,0.4,0.4,1.1,1.5,54.0,65.0,102.0,0.07,0.15,0.22,0.07,0.22,0.03,0.08,0.11,0.03,0.11
473,Rennes,Amine Gouiri,ALG,"MF,FW",24.0,19.0,11.0,1037.0,11.5,3.0,2.0,5.0,3.0,0.0,0.0,2.0,0.0,3.5,3.5,0.4,3.9,22.0,46.0,63.0,0.26,0.17,0.43,0.26,0.43,0.3,0.03,0.34,0.3,0.34
474,Rennes,Alidu Seidu,GHA,DF,24.0,11.0,10.0,803.0,8.9,0.0,0.0,0.0,0.0,0.0,0.0,4.0,0.0,0.1,0.1,0.3,0.4,23.0,41.0,17.0,0.0,0.0,0.0,0.0,0.0,0.01,0.03,0.05,0.01,0.05
475,Rennes,Albert Grønbaek,DEN,"MF,FW",23.0,16.0,9.0,813.0,9.0,2.0,1.0,3.0,2.0,0.0,0.0,1.0,0.0,1.5,1.5,1.0,2.5,23.0,30.0,58.0,0.22,0.11,0.33,0.22,0.33,0.17,0.12,0.28,0.17,0.28
476,Rennes,Jordan James,WAL,MF,20.0,12.0,8.0,684.0,7.6,0.0,0.0,0.0,0.0,0.0,0.0,3.0,0.0,0.4,0.4,0.9,1.3,8.0,41.0,4.0,0.0,0.0,0.0,0.0,0.0,0.05,0.12,0.18,0.05,0.18
477,Rennes,Glen Kamara,FIN,MF,29.0,13.0,8.0,662.0,7.4,0.0,1.0,1.0,0.0,0.0,0.0,0.0,0.0,0.2,0.2,0.2,0.3,5.0,34.0,22.0,0.0,0.14,0.14,0.0,0.14,0.02,0.02,0.05,0.02,0.05
478,Rennes,Mikayil Ngor Faye,SEN,DF,20.0,10.0,6.0,598.0,6.6,0.0,0.0,0.0,0.0,0.0,0.0,1.0,1.0,0.3,0.3,0.0,0.3,11.0,30.0,4.0,0.0,0.0,0.0,0.0,0.0,0.04,0.0,0.04,0.04,0.04
479,Rennes,Baptiste Santamaria,FRA,MF,29.0,10.0,5.0,482.0,5.4,0.0,1.0,1.0,0.0,0.0,0.0,1.0,0.0,0.1,0.1,0.3,0.4,3.0,28.0,9.0,0.0,0.19,0.19,0.0,0.19,0.02,0.05,0.07,0.02,0.07
480,Rennes,Mahamadou Nagida,CMR,DF,19.0,11.0,4.0,423.0,4.7,1.0,0.0,1.0,1.0,0.0,0.0,1.0,0.0,0.6,0.6,0.3,0.9,22.0,15.0,54.0,0.21,0.0,0.21,0.21,0.21,0.13,0.07,0.2,0.13,0.2
481,Rennes,Brice Samba,FRA,GK,30.0,4.0,4.0,360.0,4.0,0.0,0.0,0.0,0.0,0.0,0.0,1.0,0.0,0.0,0.0,0.0,0.0,0.0,0.0,0.0,0.0,0.0,0.0,0.0,0.0,0.0,0.0,0.0,0.0,0.0
482,Rennes,Jota,POR,"FW,MF",25.0,9.0,3.0,334.0,3.7,1.0,0.0,1.0,1.0,0.0,0.0,0.0,0.0,1.3,1.3,0.3,1.6,13.0,16.0,35.0,0.27,0.0,0.27,0.27,0.27,0.36,0.08,0.44,0.36,0.44
483,Rennes,Carlos Gómez,COL,"MF,FW",22.0,12.0,2.0,302.0,3.4,1.0,0.0,1.0,1.0,0.0,0.0,0.0,0.0,0.1,0.1,0.2,0.4,8.0,8.0,37.0,0.3,0.0,0.3,0.3,0.3,0.04,0.07,0.11,0.04,0.11
484,Rennes,Seko Fofana,CIV,MF,29.0,4.0,2.0,252.0,2.8,0.0,1.0,1.0,0.0,0.0,0.0,1.0,0.0,0.2,0.2,0.5,0.8,12.0,27.0,14.0,0.0,0.36,0.36,0.0,0.36,0.08,0.19,0.27,0.08,0.27
485,Rennes,Benjamin Bourigeaud,FRA,MF,31.0,1.0,1.0,80.0,0.9,1.0,0.0,1.0,1.0,0.0,0.0,0.0,0.0,0.2,0.2,0.0,0.2,0.0,4.0,4.0,1.13,0.0,1.13,1.13,1.13,0.17,0.0,0.17,0.17,0.17
486,Rennes,Lilian Brassier,FRA,DF,25.0,1.0,1.0,65.0,0.7,0.0,0.0,0.0,0.0,0.0,0.0,0.0,0.0,0.0,0.0,0.0,0.0,1.0,2.0,0.0,0.0,0.0,0.0,0.0,0.0,0.01,0.0,0.01,0.01,0.01
487,Rennes,Kyogo Furuhashi,JPN,FW,30.0,1.0,1.0,65.0,0.7,0.0,0.0,0.0,0.0,0.0,0.0,0.0,0.0,0.1,0.1,0.0,0.1,0.0,0.0,2.0,0.0,0.0,0.0,0.0,0.0,0.18,0.0,0.18,0.18,0.18
488,Rennes,Djaoui Cissé,FRA,MF,21.0,1.0,1.0,54.0,0.6,0.0,0.0,0.0,0.0,0.0,0.0,1.0,0.0,0.0,0.0,0.1,0.1,0.0,5.0,0.0,0.0,0.0,0.0,0.0,0.0,0.0,0.09,0.09,0.0,0.09
489,Rennes,Henrik Meister,DEN,FW,21.0,4.0,0.0,63.0,0.7,1.0,0.0,1.0,1.0,0.0,0.0,0.0,0.0,0.1,0.1,0.3,0.3,2.0,1.0,4.0,1.43,0.0,1.43,1.43,1.43,0.09,0.37,0.45,0.09,0.45
490,Rennes,Gauthier Gallon,FRA,GK,31.0,1.0,0.0,45.0,0.5,0.0,0.0,0.0,0.0,0.0,0.0,0.0,0.0,0.0,0.0,0.0,0.0,0.0,0.0,0.0,0.0,0.0,0.0,0.0,0.0,0.0,0.0,0.0,0.0,0.0
491,Rennes,Mohamed Meité,FRA,"FW,DF",17.0,4.0,0.0,45.0,0.5,0.0,0.0,0.0,0.0,0.0,0.0,0.0,0.0,0.4,0.4,0.0,0.4,1.0,0.0,3.0,0.0,0.0,0.0,0.0,0.0,0.76,0.0,0.76,0.76,0.76
492,Rennes,Naouirou Ahamada,FRA,"MF,FW",22.0,2.0,0.0,40.0,0.4,0.0,0.0,0.0,0.0,0.0,0.0,0.0,0.0,0.0,0.0,0.0,0.0,1.0,1.0,1.0,0.0,0.0,0.0,0.0,0.0,0.05,0.0,0.05,0.05,0.05
493,Rennes,Abdelhamid Ait Boudlal,MAR,DF,18.0,0.0,0.0,0.0,0.0,0.0,0.0,0.0,0.0,0.0,0.0,0.0,0.0,0.0,0.0,0.0,0.0,0.0,0.0,0.0,0.0,0.0,0.0,0.0,0.0,0.0,0.0,0.0,0.0,0.0
494,Rennes,Joel Coulibaly,FRA,MF,17.0,0.0,0.0,0.0,0.0,0.0,0.0,0.0,0.0,0.0,0.0,0.0,0.0,0.0,0.0,0.0,0.0,0.0,0.0,0.0,0.0,0.0,0.0,0.0,0.0,0.0,0.0,0.0,0.0,0.0
495,Rennes,Alan Do Marcolino,GAB,FW,22.0,0.0,0.0,0.0,0.0,0.0,0.0,0.0,0.0,0.0,0.0,0.0,0.0,0.0,0.0,0.0,0.0,0.0,0.0,0.0,0.0,0.0,0.0,0.0,0.0,0.0,0.0,0.0,0.0,0.0
496,Rennes,Henrick Do Marcolino,FRA,FW,18.0,0.0,0.0,0.0,0.0,0.0,0.0,0.0,0.0,0.0,0.0,0.0,0.0,0.0,0.0,0.0,0.0,0.0,0.0,0.0,0.0,0.0,0.0,0.0,0.0,0.0,0.0,0.0,0.0,0.0
497,Rennes,Warmed Omari,COM,DF,24.0,0.0,0.0,0.0,0.0,0.0,0.0,0.0,0.0,0.0,0.0,0.0,0.0,0.0,0.0,0.0,0.0,0.0,0.0,0.0,0.0,0.0,0.0,0.0,0.0,0.0,0.0,0.0,0.0,0.0
498,Saint-Étienne,Gautier Larsonneur,FRA,GK,27.0,20.0,20.0,1800.0,20.0,0.0,0.0,0.0,0.0,0.0,0.0,4.0,0.0,0.0,0.0,0.0,0.0,0.0,0.0,0.0,0.0,0.0,0.0,0.0,0.0,0.0,0.0,0.0,0.0,0.0
499,Saint-Étienne,Zuriko Davitashvili,GEO,"MF,FW",23.0,19.0,19.0,1628.0,18.1,7.0,2.0,9.0,5.0,2.0,2.0,1.0,0.0,5.4,3.8,2.0,5.8,53.0,42.0,100.0,0.39,0.11,0.5,0.28,0.39,0.3,0.11,0.41,0.21,0.32
500,Saint-Étienne,Dylan Batubinsika,COD,DF,28.0,20.0,18.0,1631.0,18.1,0.0,0.0,0.0,0.0,0.0,0.0,2.0,1.0,0.5,0.5,0.1,0.7,9.0,42.0,1.0,0.0,0.0,0.0,0.0,0.0,0.03,0.01,0.04,0.03,0.04
501,Saint-Étienne,Pierre Ekwah Elimby,FRA,MF,23.0,16.0,16.0,1405.0,15.6,0.0,0.0,0.0,0.0,0.0,0.0,2.0,0.0,0.2,0.2,0.7,0.9,9.0,73.0,6.0,0.0,0.0,0.0,0.0,0.0,0.01,0.04,0.06,0.01,0.06
502,Saint-Étienne,Dennis Appiah,FRA,DF,32.0,19.0,15.0,1469.0,16.3,0.0,1.0,1.0,0.0,0.0,0.0,1.0,0.0,0.1,0.1,1.9,1.9,33.0,60.0,69.0,0.0,0.06,0.06,0.0,0.06,0.0,0.12,0.12,0.0,0.12
503,Saint-Étienne,Léo Pétrot,FRA,DF,27.0,17.0,15.0,1378.0,15.3,0.0,1.0,1.0,0.0,0.0,0.0,3.0,0.0,0.2,0.2,0.4,0.6,12.0,34.0,53.0,0.0,0.07,0.07,0.0,0.07,0.01,0.02,0.04,0.01,0.04
504,Saint-Étienne,Lucas Stassin,BEL,FW,20.0,17.0,12.0,939.0,10.4,3.0,4.0,7.0,3.0,0.0,0.0,2.0,0.0,3.3,3.3,2.3,5.6,16.0,13.0,70.0,0.29,0.38,0.67,0.29,0.67,0.31,0.22,0.53,0.31,0.53
505,Saint-Étienne,Mickael Nade,FRA,DF,25.0,12.0,11.0,1046.0,11.6,1.0,1.0,2.0,1.0,0.0,0.0,1.0,0.0,0.7,0.7,0.4,1.1,10.0,38.0,1.0,0.09,0.09,0.17,0.09,0.17,0.06,0.04,0.09,0.06,0.09
506,Saint-Étienne,Benjamin Bouchouari,MAR,MF,23.0,15.0,11.0,1001.0,11.1,1.0,0.0,1.0,1.0,0.0,0.0,3.0,0.0,0.3,0.3,0.6,0.9,19.0,63.0,27.0,0.09,0.0,0.09,0.09,0.09,0.02,0.06,0.08,0.02,0.08
507,Saint-Étienne,Yunis Abdelhamid,MAR,DF,37.0,12.0,11.0,976.0,10.8,0.0,0.0,0.0,0.0,0.0,0.0,2.0,0.0,0.2,0.2,0.1,0.4,4.0,22.0,3.0,0.0,0.0,0.0,0.0,0.0,0.02,0.01,0.03,0.02,0.03
508,Saint-Étienne,Louis Mouton,FRA,MF,22.0,15.0,11.0,820.0,9.1,0.0,1.0,1.0,0.0,0.0,0.0,2.0,0.0,1.1,1.1,1.1,2.2,11.0,32.0,27.0,0.0,0.11,0.11,0.0,0.11,0.12,0.13,0.24,0.12,0.24
509,Saint-Étienne,Mathis Amougou,FRA,MF,19.0,17.0,9.0,859.0,9.5,0.0,0.0,0.0,0.0,0.0,0.0,2.0,0.0,0.5,0.5,0.4,0.8,8.0,36.0,17.0,0.0,0.0,0.0,0.0,0.0,0.05,0.04,0.09,0.05,0.09
510,Saint-Étienne,Mathieu Cafaro,FRA,"MF,FW",27.0,15.0,9.0,732.0,8.1,1.0,0.0,1.0,1.0,0.0,0.0,3.0,1.0,1.5,1.5,1.3,2.8,19.0,16.0,51.0,0.12,0.0,0.12,0.12,0.12,0.18,0.16,0.34,0.18,0.34
511,Saint-Étienne,Ibrahim Sissoko,MLI,FW,29.0,15.0,8.0,802.0,8.9,3.0,1.0,4.0,2.0,1.0,1.0,1.0,0.0,4.3,3.5,0.6,4.1,12.0,11.0,33.0,0.34,0.11,0.45,0.22,0.34,0.49,0.06,0.55,0.4,0.46
512,Saint-Étienne,Augustine Boakye,GHA,"FW,MF",24.0,13.0,6.0,614.0,6.8,3.0,0.0,3.0,3.0,0.0,0.0,5.0,0.0,1.4,1.4,0.7,2.1,20.0,27.0,42.0,0.44,0.0,0.44,0.44,0.44,0.21,0.1,0.31,0.21,0.31
513,Saint-Étienne,Aimen Moueffek,FRA,MF,23.0,12.0,5.0,496.0,5.5,0.0,0.0,0.0,0.0,0.0,0.0,0.0,0.0,0.7,0.7,0.2,0.9,6.0,15.0,6.0,0.0,0.0,0.0,0.0,0.0,0.13,0.03,0.16,0.13,0.16
514,Saint-Étienne,Pierre Cornud,FRA,DF,28.0,9.0,5.0,396.0,4.4,0.0,0.0,0.0,0.0,0.0,0.0,2.0,0.0,0.0,0.0,0.3,0.3,7.0,9.0,12.0,0.0,0.0,0.0,0.0,0.0,0.0,0.06,0.06,0.0,0.06
515,Saint-Étienne,Ben Old,NZL,"MF,FW",22.0,6.0,4.0,376.0,4.2,0.0,0.0,0.0,0.0,0.0,0.0,0.0,0.0,0.8,0.8,0.7,1.5,10.0,7.0,19.0,0.0,0.0,0.0,0.0,0.0,0.2,0.16,0.36,0.2,0.36
516,Saint-Étienne,Yvann Macon,FRA,DF,26.0,5.0,4.0,304.0,3.4,0.0,0.0,0.0,0.0,0.0,0.0,1.0,0.0,0.1,0.1,0.1,0.2,8.0,15.0,23.0,0.0,0.0,0.0,0.0,0.0,0.02,0.03,0.05,0.02,0.05
517,Saint-Étienne,Lamine Fomba,FRA,MF,27.0,5.0,3.0,198.0,2.2,0.0,0.0,0.0,0.0,0.0,0.0,1.0,0.0,0.0,0.0,0.3,0.3,5.0,16.0,5.0,0.0,0.0,0.0,0.0,0.0,0.01,0.13,0.14,0.01,0.14
518,Saint-Étienne,Florian Tardieu,FRA,MF,32.0,10.0,2.0,233.0,2.6,0.0,1.0,1.0,0.0,0.0,0.0,0.0,0.0,0.0,0.0,0.1,0.1,3.0,22.0,7.0,0.0,0.39,0.39,0.0,0.39,0.01,0.05,0.06,0.01,0.06
519,Saint-Étienne,Marwann Nzuzi,FRA,DF,20.0,2.0,2.0,125.0,1.4,0.0,0.0,0.0,0.0,0.0,0.0,2.0,0.0,0.0,0.0,0.1,0.1,2.0,2.0,5.0,0.0,0.0,0.0,0.0,0.0,0.02,0.05,0.08,0.02,0.08
520,Saint-Étienne,Ayman Aiki,FRA,"FW,MF",19.0,5.0,1.0,127.0,1.4,0.0,0.0,0.0,0.0,0.0,0.0,0.0,0.0,0.1,0.1,0.0,0.1,4.0,5.0,8.0,0.0,0.0,0.0,0.0,0.0,0.07,0.02,0.09,0.07,0.09
521,Saint-Étienne,Beres Owusu,FRA,DF,21.0,1.0,1.0,90.0,1.0,0.0,0.0,0.0,0.0,0.0,0.0,0.0,0.0,0.0,0.0,0.0,0.0,0.0,3.0,0.0,0.0,0.0,0.0,0.0,0.0,0.0,0.03,0.03,0.0,0.03
522,Saint-Étienne,Djylian N'Guessan,FRA,FW,16.0,4.0,1.0,68.0,0.8,0.0,0.0,0.0,0.0,0.0,0.0,0.0,0.0,0.3,0.3,0.0,0.3,1.0,2.0,5.0,0.0,0.0,0.0,0.0,0.0,0.46,0.0,0.46,0.46,0.46
523,Saint-Étienne,Irvin Cardona,FRA,FW,27.0,1.0,1.0,45.0,0.5,0.0,0.0,0.0,0.0,0.0,0.0,0.0,0.0,0.0,0.0,0.1,0.1,2.0,0.0,3.0,0.0,0.0,0.0,0.0,0.0,0.0,0.15,0.15,0.0,0.15
524,Saint-Étienne,Ibrahima Wadji,SEN,"MF,FW",29.0,4.0,0.0,104.0,1.2,0.0,0.0,0.0,0.0,0.0,0.0,0.0,0.0,0.2,0.2,0.0,0.2,3.0,0.0,7.0,0.0,0.0,0.0,0.0,0.0,0.18,0.01,0.19,0.18,0.19
525,Saint-Étienne,Igor Miladinović,SRB,"FW,MF",21.0,3.0,0.0,26.0,0.3,0.0,0.0,0.0,0.0,0.0,0.0,0.0,0.0,0.0,0.0,0.0,0.0,0.0,1.0,1.0,0.0,0.0,0.0,0.0,0.0,0.0,0.0,0.0,0.0,0.0
526,Saint-Étienne,Kévin Pedro,FRA,DF,18.0,1.0,0.0,10.0,0.1,0.0,0.0,0.0,0.0,0.0,0.0,0.0,0.0,0.0,0.0,0.0,0.0,2.0,0.0,1.0,0.0,0.0,0.0,0.0,0.0,0.0,0.0,0.0,0.0,0.0
527,Saint-Étienne,Jibril Othman,TUN,FW,20.0,1.0,0.0,5.0,0.1,0.0,0.0,0.0,0.0,0.0,0.0,0.0,0.0,0.0,0.0,0.0,0.0,0.0,0.0,0.0,0.0,0.0,0.0,0.0,0.0,0.0,0.0,0.0,0.0,0.0
528,Saint-Étienne,Anthony Briançon,FRA,"DF,MF",30.0,0.0,0.0,0.0,0.0,0.0,0.0,0.0,0.0,0.0,0.0,0.0,0.0,0.0,0.0,0.0,0.0,0.0,0.0,0.0,0.0,0.0,0.0,0.0,0.0,0.0,0.0,0.0,0.0,0.0
529,Saint-Étienne,Cheikh Fall,SEN,MF,20.0,0.0,0.0,0.0,0.0,0.0,0.0,0.0,0.0,0.0,0.0,0.0,0.0,0.0,0.0,0.0,0.0,0.0,0.0,0.0,0.0,0.0,0.0,0.0,0.0,0.0,0.0,0.0,0.0,0.0
530,Saint-Étienne,Antoine Gauthier,FRA,MF,20.0,0.0,0.0,0.0,0.0,0.0,0.0,0.0,0.0,0.0,0.0,0.0,0.0,0.0,0.0,0.0,0.0,0.0,0.0,0.0,0.0,0.0,0.0,0.0,0.0,0.0,0.0,0.0,0.0,0.0
531,Saint-Étienne,Brice Maubleu,FRA,GK,35.0,0.0,0.0,0.0,0.0,0.0,0.0,0.0,0.0,0.0,0.0,0.0,0.0,0.0,0.0,0.0,0.0,0.0,0.0,0.0,0.0,0.0,0.0,0.0,0.0,0.0,0.0,0.0,0.0,0.0
532,Saint-Étienne,Issiaka Touré,FRA,GK,20.0,0.0,0.0,0.0,0.0,0.0,0.0,0.0,0.0,0.0,0.0,0.0,0.0,0.0,0.0,0.0,0.0,0.0,0.0,0.0,0.0,0.0,0.0,0.0,0.0,0.0,0.0,0.0,0.0,0.0
533,Montpellier,Téji Savanier,FRA,MF,33.0,18.0,18.0,1523.0,16.9,2.0,4.0,6.0,0.0,2.0,2.0,3.0,1.0,3.3,1.7,4.5,6.3,18.0,108.0,76.0,0.12,0.24,0.35,0.0,0.24,0.2,0.27,0.46,0.1,0.37
534,Montpellier,Modibo Sagnan,MLI,DF,25.0,19.0,17.0,1555.0,17.3,2.0,0.0,2.0,2.0,0.0,0.0,8.0,0.0,0.7,0.7,0.6,1.3,11.0,34.0,2.0,0.12,0.0,0.12,0.12,0.12,0.04,0.03,0.08,0.04,0.08
535,Montpellier,Benjamin Lecomte,FRA,GK,33.0,17.0,17.0,1530.0,17.0,0.0,0.0,0.0,0.0,0.0,0.0,0.0,0.0,0.0,0.0,0.1,0.1,0.0,1.0,0.0,0.0,0.0,0.0,0.0,0.0,0.0,0.0,0.0,0.0,0.0
536,Montpellier,Enzo Tchato,CMR,DF,22.0,20.0,14.0,1404.0,15.6,0.0,0.0,0.0,0.0,0.0,0.0,3.0,0.0,0.0,0.0,0.5,0.6,26.0,45.0,59.0,0.0,0.0,0.0,0.0,0.0,0.0,0.04,0.04,0.0,0.04
537,Montpellier,Becir Omeragic,SUI,"DF,MF",23.0,15.0,14.0,1198.0,13.3,0.0,0.0,0.0,0.0,0.0,0.0,1.0,0.0,0.3,0.3,0.1,0.4,16.0,41.0,3.0,0.0,0.0,0.0,0.0,0.0,0.02,0.01,0.03,0.02,0.03
538,Montpellier,Arnaud Nordin,FRA,FW,26.0,16.0,14.0,1166.0,13.0,4.0,1.0,5.0,3.0,1.0,2.0,2.0,0.0,4.1,2.5,0.9,3.4,51.0,23.0,111.0,0.31,0.08,0.39,0.23,0.31,0.32,0.07,0.39,0.19,0.26
539,Montpellier,Akor Adams,NGA,FW,25.0,15.0,13.0,1075.0,11.9,3.0,1.0,4.0,3.0,0.0,0.0,2.0,0.0,4.3,4.3,1.0,5.3,11.0,6.0,45.0,0.25,0.08,0.33,0.25,0.33,0.36,0.08,0.44,0.36,0.44
540,Montpellier,Joris Chotard,FRA,MF,23.0,13.0,13.0,1015.0,11.3,1.0,0.0,1.0,1.0,0.0,0.0,5.0,0.0,0.6,0.6,0.3,0.9,11.0,49.0,19.0,0.09,0.0,0.09,0.09,0.09,0.05,0.02,0.08,0.05,0.08
541,Montpellier,Issiaga Sylla,GUI,DF,31.0,15.0,13.0,912.0,10.1,1.0,0.0,1.0,1.0,0.0,0.0,2.0,0.0,1.7,1.7,0.3,2.0,26.0,41.0,34.0,0.1,0.0,0.1,0.1,0.1,0.17,0.03,0.2,0.17,0.2
542,Montpellier,Musa Al-Taamari,JOR,"FW,MF",27.0,15.0,12.0,1116.0,12.4,2.0,1.0,3.0,2.0,0.0,0.0,3.0,0.0,2.6,2.6,1.5,4.1,55.0,30.0,76.0,0.16,0.08,0.24,0.16,0.24,0.21,0.12,0.33,0.21,0.33
543,Montpellier,Rabby Nzingoula,CGO,MF,19.0,16.0,12.0,1000.0,11.1,1.0,0.0,1.0,1.0,0.0,0.0,8.0,0.0,0.7,0.7,1.5,2.2,14.0,27.0,27.0,0.09,0.0,0.09,0.09,0.09,0.07,0.13,0.2,0.07,0.2
544,Montpellier,Jordan Ferri,FRA,MF,32.0,13.0,11.0,967.0,10.7,0.0,1.0,1.0,0.0,0.0,0.0,4.0,1.0,0.2,0.2,0.5,0.7,8.0,74.0,22.0,0.0,0.09,0.09,0.0,0.09,0.02,0.05,0.07,0.02,0.07
545,Montpellier,Falaye Sacko,MLI,DF,29.0,10.0,10.0,850.0,9.4,0.0,1.0,1.0,0.0,0.0,0.0,1.0,0.0,0.0,0.0,0.1,0.1,15.0,47.0,27.0,0.0,0.11,0.11,0.0,0.11,0.0,0.01,0.01,0.0,0.01
546,Montpellier,Wahbi Khazri,TUN,"FW,MF",33.0,19.0,9.0,842.0,9.4,1.0,1.0,2.0,1.0,0.0,0.0,2.0,0.0,1.6,1.6,1.3,2.9,15.0,26.0,39.0,0.11,0.11,0.21,0.11,0.21,0.17,0.13,0.31,0.17,0.31
547,Montpellier,Nikola Maksimović,SRB,DF,33.0,7.0,7.0,581.0,6.5,0.0,0.0,0.0,0.0,0.0,0.0,2.0,0.0,0.0,0.0,0.0,0.1,1.0,11.0,0.0,0.0,0.0,0.0,0.0,0.0,0.0,0.01,0.01,0.0,0.01
548,Montpellier,Tanguy Coulibaly,FRA,"FW,MF",23.0,12.0,4.0,449.0,5.0,1.0,0.0,1.0,1.0,0.0,0.0,2.0,2.0,0.6,0.6,0.4,1.1,23.0,7.0,33.0,0.2,0.0,0.2,0.2,0.2,0.13,0.09,0.22,0.13,0.22
549,Montpellier,Khalil Fayad,FRA,"MF,FW",20.0,9.0,4.0,414.0,4.6,0.0,0.0,0.0,0.0,0.0,0.0,1.0,0.0,0.7,0.7,0.2,0.8,8.0,21.0,12.0,0.0,0.0,0.0,0.0,0.0,0.15,0.03,0.18,0.15,0.18
550,Montpellier,Boubakar Kouyaté,MLI,DF,27.0,5.0,3.0,277.0,3.1,0.0,0.0,0.0,0.0,0.0,0.0,4.0,1.0,0.3,0.3,0.0,0.3,1.0,1.0,0.0,0.0,0.0,0.0,0.0,0.0,0.1,0.0,0.1,0.1,0.1
551,Montpellier,Dimitry Bertaud,COD,GK,26.0,3.0,3.0,270.0,3.0,0.0,0.0,0.0,0.0,0.0,0.0,0.0,0.0,0.0,0.0,0.0,0.0,0.0,0.0,0.0,0.0,0.0,0.0,0.0,0.0,0.0,0.0,0.0,0.0,0.0
552,Montpellier,Lucas Mincarelli,FRA,DF,21.0,4.0,3.0,251.0,2.8,0.0,0.0,0.0,0.0,0.0,0.0,0.0,0.0,0.0,0.0,0.2,0.2,6.0,11.0,11.0,0.0,0.0,0.0,0.0,0.0,0.0,0.08,0.08,0.0,0.08
553,Montpellier,Birama Touré,MLI,"MF,DF",32.0,8.0,2.0,300.0,3.3,0.0,0.0,0.0,0.0,0.0,0.0,2.0,0.0,0.0,0.0,0.1,0.1,0.0,9.0,2.0,0.0,0.0,0.0,0.0,0.0,0.01,0.03,0.04,0.01,0.04
554,Montpellier,Yael Mouanga,FRA,DF,19.0,3.0,2.0,205.0,2.3,0.0,0.0,0.0,0.0,0.0,0.0,1.0,0.0,0.1,0.1,0.2,0.3,1.0,6.0,2.0,0.0,0.0,0.0,0.0,0.0,0.05,0.08,0.12,0.05,0.12
555,Montpellier,Stefan Džodić,SRB,"DF,MF",19.0,5.0,2.0,190.0,2.1,0.0,0.0,0.0,0.0,0.0,0.0,2.0,1.0,0.1,0.1,0.0,0.1,2.0,7.0,0.0,0.0,0.0,0.0,0.0,0.0,0.03,0.0,0.03,0.03,0.03
556,Montpellier,Théo Sainte-Luce,FRA,DF,26.0,6.0,1.0,215.0,2.4,1.0,0.0,1.0,1.0,0.0,0.0,1.0,0.0,0.8,0.8,0.3,1.1,3.0,4.0,11.0,0.42,0.0,0.42,0.42,0.42,0.32,0.13,0.44,0.32,0.44
557,Montpellier,Yanis Issoufou,FRA,"MF,FW",18.0,4.0,1.0,77.0,0.9,0.0,0.0,0.0,0.0,0.0,0.0,0.0,0.0,0.1,0.1,0.0,0.1,3.0,2.0,2.0,0.0,0.0,0.0,0.0,0.0,0.07,0.0,0.07,0.07,0.07
558,Montpellier,Andy Delort,ALG,FW,33.0,1.0,1.0,63.0,0.7,0.0,0.0,0.0,0.0,0.0,0.0,0.0,0.0,0.1,0.1,0.0,0.1,0.0,1.0,4.0,0.0,0.0,0.0,0.0,0.0,0.16,0.0,0.16,0.16,0.16
559,Montpellier,Othmane Maamma,MAR,"FW,MF",19.0,6.0,0.0,118.0,1.3,1.0,1.0,2.0,1.0,0.0,0.0,0.0,0.0,0.5,0.5,0.2,0.6,4.0,1.0,10.0,0.76,0.76,1.53,0.76,1.53,0.35,0.15,0.5,0.35,0.5
560,Montpellier,Junior Ndiaye,FRA,"FW,MF",19.0,6.0,0.0,69.0,0.8,0.0,0.0,0.0,0.0,0.0,0.0,0.0,0.0,0.0,0.0,0.0,0.0,1.0,1.0,3.0,0.0,0.0,0.0,0.0,0.0,0.0,0.0,0.0,0.0,0.0
561,Montpellier,Gabriel Bares,SUI,"MF,DF",24.0,6.0,0.0,56.0,0.6,0.0,0.0,0.0,0.0,0.0,0.0,0.0,0.0,0.0,0.0,0.0,0.0,1.0,3.0,0.0,0.0,0.0,0.0,0.0,0.0,0.0,0.0,0.0,0.0,0.0
562,Montpellier,Axel Gueguin,FRA,FW,19.0,1.0,0.0,23.0,0.3,0.0,0.0,0.0,0.0,0.0,0.0,0.0,0.0,0.0,0.0,0.0,0.0,0.0,1.0,1.0,0.0,0.0,0.0,0.0,0.0,0.0,0.0,0.0,0.0,0.0
563,Montpellier,Théo Chennahi,FRA,"MF,DF",19.0,2.0,0.0,8.0,0.1,0.0,0.0,0.0,0.0,0.0,0.0,1.0,0.0,0.0,0.0,0.0,0.0,0.0,0.0,0.0,0.0,0.0,0.0,0.0,0.0,0.0,0.0,0.0,0.0,0.0
564,Montpellier,Simon Cara,FRA,FW,19.0,0.0,0.0,0.0,0.0,0.0,0.0,0.0,0.0,0.0,0.0,0.0,0.0,0.0,0.0,0.0,0.0,0.0,0.0,0.0,0.0,0.0,0.0,0.0,0.0,0.0,0.0,0.0,0.0,0.0
565,Montpellier,Craig Mamilo,FRA,DF,18.0,0.0,0.0,0.0,0.0,0.0,0.0,0.0,0.0,0.0,0.0,0.0,0.0,0.0,0.0,0.0,0.0,0.0,0.0,0.0,0.0,0.0,0.0,0.0,0.0,0.0,0.0,0.0,0.0,0.0
566,Montpellier,Glenn Ngosso,CMR,FW,21.0,0.0,0.0,0.0,0.0,0.0,0.0,0.0,0.0,0.0,0.0,0.0,0.0,0.0,0.0,0.0,0.0,0.0,0.0,0.0,0.0,0.0,0.0,0.0,0.0,0.0,0.0,0.0,0.0,0.0
567,Montpellier,Nicolas Pays,FRA,MF,21.0,0.0,0.0,0.0,0.0,0.0,0.0,0.0,0.0,0.0,0.0,0.0,0.0,0.0,0.0,0.0,0.0,0.0,0.0,0.0,0.0,0.0,0.0,0.0,0.0,0.0,0.0,0.0,0.0,0.0
568,Le Havre,Gautier Lloris,FRA,DF,29.0,20.0,20.0,1799.0,20.0,2.0,1.0,3.0,2.0,0.0,0.0,4.0,0.0,1.1,1.1,0.9,2.0,12.0,82.0,7.0,0.1,0.05,0.15,0.1,0.15,0.06,0.04,0.1,0.06,0.1
569,Le Havre,Arthur Desmas,FRA,GK,30.0,17.0,17.0,1530.0,17.0,0.0,0.0,0.0,0.0,0.0,0.0,2.0,0.0,0.0,0.0,0.0,0.0,0.0,0.0,0.0,0.0,0.0,0.0,0.0,0.0,0.0,0.0,0.0,0.0,0.0
570,Le Havre,Abdoulaye Touré,GUI,MF,30.0,16.0,15.0,1334.0,14.8,3.0,1.0,4.0,0.0,3.0,3.0,3.0,0.0,3.8,1.4,0.1,1.5,6.0,60.0,17.0,0.2,0.07,0.27,0.0,0.07,0.25,0.01,0.26,0.1,0.1
571,Le Havre,Etienne Youte Kinkoue,FRA,DF,23.0,15.0,15.0,1307.0,14.5,0.0,0.0,0.0,0.0,0.0,0.0,4.0,1.0,0.6,0.6,0.1,0.7,4.0,37.0,4.0,0.0,0.0,0.0,0.0,0.0,0.04,0.01,0.05,0.04,0.05
572,Le Havre,Loïc Nego,HUN,"DF,FW",34.0,17.0,14.0,1201.0,13.3,0.0,0.0,0.0,0.0,0.0,0.0,2.0,0.0,0.6,0.6,0.3,0.9,31.0,46.0,82.0,0.0,0.0,0.0,0.0,0.0,0.04,0.02,0.06,0.04,0.06
573,Le Havre,Christopher Operi,CIV,"DF,FW",27.0,13.0,13.0,1169.0,13.0,0.0,2.0,2.0,0.0,0.0,0.0,2.0,1.0,0.3,0.3,2.2,2.5,28.0,52.0,65.0,0.0,0.15,0.15,0.0,0.15,0.02,0.17,0.19,0.02,0.19
574,Le Havre,Yassine Kechta,MAR,"MF,FW",22.0,18.0,13.0,1120.0,12.4,0.0,0.0,0.0,0.0,0.0,0.0,3.0,0.0,1.0,1.0,0.9,1.9,23.0,45.0,52.0,0.0,0.0,0.0,0.0,0.0,0.08,0.07,0.15,0.08,0.15
575,Le Havre,Oussama Targhalline,MAR,MF,22.0,14.0,12.0,990.0,11.0,0.0,0.0,0.0,0.0,0.0,0.0,0.0,0.0,0.1,0.1,0.7,0.9,25.0,66.0,34.0,0.0,0.0,0.0,0.0,0.0,0.01,0.06,0.08,0.01,0.08
576,Le Havre,Rassoul Ndiaye,SEN,MF,23.0,16.0,11.0,909.0,10.1,1.0,0.0,1.0,1.0,0.0,0.0,2.0,0.0,1.5,1.5,0.5,2.0,4.0,37.0,23.0,0.1,0.0,0.1,0.1,0.1,0.15,0.05,0.2,0.15,0.2
577,Le Havre,Josué Casimir,FRA,"FW,DF",23.0,14.0,10.0,873.0,9.7,1.0,2.0,3.0,1.0,0.0,0.0,4.0,0.0,1.3,1.3,1.1,2.4,26.0,20.0,50.0,0.1,0.21,0.31,0.1,0.31,0.14,0.11,0.25,0.14,0.25
578,Le Havre,André Ayew,GHA,FW,35.0,13.0,9.0,838.0,9.3,3.0,0.0,3.0,3.0,0.0,0.0,2.0,0.0,2.7,2.7,0.0,2.7,3.0,10.0,20.0,0.32,0.0,0.32,0.32,0.32,0.29,0.0,0.29,0.29,0.29
579,Le Havre,Yoann Salmier,GUF,DF,32.0,13.0,9.0,797.0,8.9,0.0,0.0,0.0,0.0,0.0,0.0,3.0,0.0,0.8,0.8,0.2,1.1,7.0,24.0,1.0,0.0,0.0,0.0,0.0,0.0,0.1,0.02,0.12,0.1,0.12
580,Le Havre,Arouna Sangante,SEN,DF,22.0,9.0,9.0,702.0,7.8,2.0,0.0,2.0,2.0,0.0,0.0,3.0,1.0,0.4,0.4,0.1,0.5,7.0,30.0,1.0,0.26,0.0,0.26,0.26,0.26,0.05,0.01,0.06,0.05,0.06
581,Le Havre,Issa Soumaré,SEN,"FW,MF",24.0,15.0,8.0,767.0,8.5,0.0,0.0,0.0,0.0,0.0,0.0,0.0,0.0,1.3,1.3,0.6,1.9,22.0,16.0,68.0,0.0,0.0,0.0,0.0,0.0,0.15,0.07,0.22,0.15,0.22
582,Le Havre,Timothee Pembele,FRA,DF,22.0,8.0,8.0,674.0,7.5,0.0,0.0,0.0,0.0,0.0,0.0,1.0,0.0,0.2,0.2,0.0,0.2,16.0,22.0,33.0,0.0,0.0,0.0,0.0,0.0,0.02,0.0,0.02,0.02,0.02
583,Le Havre,Yanis Zouaoui,ALG,"DF,FW",30.0,10.0,7.0,655.0,7.3,0.0,2.0,2.0,0.0,0.0,0.0,0.0,0.0,0.0,0.0,1.4,1.4,24.0,20.0,21.0,0.0,0.27,0.27,0.0,0.27,0.0,0.19,0.19,0.0,0.19
584,Le Havre,Emmanuel Sabbi,USA,"FW,MF",27.0,15.0,7.0,653.0,7.3,0.0,0.0,0.0,0.0,0.0,0.0,1.0,0.0,1.9,1.9,0.6,2.5,11.0,15.0,39.0,0.0,0.0,0.0,0.0,0.0,0.27,0.08,0.35,0.27,0.35
585,Le Havre,Antoine Joujou,FRA,"MF,FW",21.0,15.0,6.0,629.0,7.0,0.0,1.0,1.0,0.0,0.0,0.0,1.0,0.0,0.4,0.4,2.0,2.4,30.0,10.0,57.0,0.0,0.14,0.14,0.0,0.14,0.06,0.28,0.34,0.06,0.34
586,Le Havre,Daler Kuzyaev,RUS,MF,32.0,12.0,6.0,567.0,6.3,1.0,0.0,1.0,1.0,0.0,0.0,1.0,0.0,0.2,0.2,0.6,0.8,4.0,32.0,9.0,0.16,0.0,0.16,0.16,0.16,0.03,0.09,0.12,0.03,0.12
587,Le Havre,Mathieu Gorgelin,FRA,GK,34.0,3.0,3.0,270.0,3.0,0.0,0.0,0.0,0.0,0.0,0.0,0.0,0.0,0.0,0.0,0.0,0.0,0.0,0.0,0.0,0.0,0.0,0.0,0.0,0.0,0.0,0.0,0.0,0.0,0.0
588,Le Havre,Ilyes Housni,FRA,"FW,MF",19.0,6.0,3.0,208.0,2.3,0.0,0.0,0.0,0.0,0.0,0.0,0.0,0.0,0.2,0.2,0.2,0.3,6.0,3.0,18.0,0.0,0.0,0.0,0.0,0.0,0.07,0.07,0.15,0.07,0.15
589,Le Havre,Steve Ngoura,FRA,FW,19.0,8.0,2.0,289.0,3.2,0.0,0.0,0.0,0.0,0.0,0.0,0.0,0.0,1.3,1.3,0.4,1.7,3.0,8.0,19.0,0.0,0.0,0.0,0.0,0.0,0.4,0.14,0.54,0.4,0.54
590,Le Havre,Koka,EGY,FW,31.0,3.0,1.0,141.0,1.6,0.0,0.0,0.0,0.0,0.0,0.0,0.0,0.0,1.9,1.9,0.2,2.1,0.0,0.0,5.0,0.0,0.0,0.0,0.0,0.0,1.18,0.14,1.33,1.18,1.33
591,Le Havre,Mahamadou Diawara,FRA,MF,19.0,2.0,1.0,114.0,1.3,0.0,0.0,0.0,0.0,0.0,0.0,0.0,0.0,0.2,0.2,0.1,0.3,1.0,4.0,0.0,0.0,0.0,0.0,0.0,0.0,0.13,0.08,0.21,0.13,0.21
592,Le Havre,Fodé Ballo-Touré,SEN,DF,28.0,1.0,1.0,27.0,0.3,0.0,0.0,0.0,0.0,0.0,0.0,0.0,0.0,0.0,0.0,0.0,0.0,1.0,0.0,3.0,0.0,0.0,0.0,0.0,0.0,0.0,0.0,0.0,0.0,0.0
593,Le Havre,Samuel Grandsir,FRA,"MF,FW",28.0,6.0,0.0,84.0,0.9,0.0,0.0,0.0,0.0,0.0,0.0,0.0,0.0,0.0,0.0,0.6,0.6,5.0,6.0,5.0,0.0,0.0,0.0,0.0,0.0,0.0,0.67,0.67,0.0,0.67
594,Le Havre,Elysée Logbo,FRA,FW,20.0,1.0,0.0,27.0,0.3,0.0,0.0,0.0,0.0,0.0,0.0,0.0,0.0,0.2,0.2,0.0,0.2,0.0,0.0,2.0,0.0,0.0,0.0,0.0,0.0,0.61,0.0,0.61,0.61,0.61
595,Le Havre,Kandet Diawara,GUI,FW,24.0,1.0,0.0,4.0,0.0,0.0,0.0,0.0,0.0,0.0,0.0,0.0,0.0,0.0,0.0,0.0,0.0,0.0,0.0,0.0,0.0,0.0,0.0,0.0,0.0,0.0,0.0,0.0,0.0,0.0
596,Le Havre,Alois Confais,FRA,MF,28.0,1.0,0.0,3.0,0.0,0.0,0.0,0.0,0.0,0.0,0.0,0.0,0.0,0.0,0.0,0.0,0.0,0.0,0.0,0.0,0.0,0.0,0.0,0.0,0.0,0.0,0.0,0.0,0.0,0.0
597,Le Havre,Mathéo Bodmer,FRA,DF,20.0,0.0,0.0,0.0,0.0,0.0,0.0,0.0,0.0,0.0,0.0,0.0,0.0,0.0,0.0,0.0,0.0,0.0,0.0,0.0,0.0,0.0,0.0,0.0,0.0,0.0,0.0,0.0,0.0,0.0
598,Le Havre,Ismaïl Bouneb,FRA,MF,18.0,0.0,0.0,0.0,0.0,0.0,0.0,0.0,0.0,0.0,0.0,0.0,0.0,0.0,0.0,0.0,0.0,0.0,0.0,0.0,0.0,0.0,0.0,0.0,0.0,0.0,0.0,0.0,0.0,0.0
599,Le Havre,Oualid El Hajjam,MAR,DF,33.0,0.0,0.0,0.0,0.0,0.0,0.0,0.0,0.0,0.0,0.0,0.0,0.0,0.0,0.0,0.0,0.0,0.0,0.0,0.0,0.0,0.0,0.0,0.0,0.0,0.0,0.0,0.0,0.0,0.0
600,Le Havre,Daren Mosengo,FRA,MF,18.0,0.0,0.0,0.0,0.0,0.0,0.0,0.0,0.0,0.0,0.0,0.0,0.0,0.0,0.0,0.0,0.0,0.0,0.0,0.0,0.0,0.0,0.0,0.0,0.0,0.0,0.0,0.0,0.0,0.0
